dataset,method,seed,comparison_class,RMSE_mu,Delta_group,Delta_c_s,paper_use
SensorScope,Central-All,30001,SCI_COMPARABLE_MAIN,7.631919857273092,,,main
SensorScope,Central-All,30002,SCI_COMPARABLE_MAIN,7.5290244450118005,,,main
SensorScope,Central-All,30003,SCI_COMPARABLE_MAIN,7.549580482432374,,,main
SensorScope,Central-All,30004,SCI_COMPARABLE_MAIN,7.634555803698478,,,main
SensorScope,Central-All,30005,SCI_COMPARABLE_MAIN,7.690686096983783,,,main
SensorScope,Central-All,30006,SCI_COMPARABLE_MAIN,7.706705270577585,,,main
SensorScope,Central-All,30007,SCI_COMPARABLE_MAIN,7.560508632009502,,,main
SensorScope,Central-All,30008,SCI_COMPARABLE_MAIN,7.577035853906441,,,main
SensorScope,Central-All,30009,SCI_COMPARABLE_MAIN,7.605651102217425,,,main
SensorScope,Central-All,30010,SCI_COMPARABLE_MAIN,7.673652923682784,,,main
SensorScope,Central-All,30011,SCI_COMPARABLE_MAIN,7.565249756015817,,,main
SensorScope,Central-All,30012,SCI_COMPARABLE_MAIN,7.574811899905716,,,main
SensorScope,Central-All,30013,SCI_COMPARABLE_MAIN,7.440270805237222,,,main
SensorScope,Central-All,30014,SCI_COMPARABLE_MAIN,7.6176223447909255,,,main
SensorScope,Central-All,30015,SCI_COMPARABLE_MAIN,7.53612786378913,,,main
SensorScope,Central-All,30016,SCI_COMPARABLE_MAIN,7.514691299464239,,,main
SensorScope,Central-All,30017,SCI_COMPARABLE_MAIN,7.6740925990822895,,,main
SensorScope,Central-All,30018,SCI_COMPARABLE_MAIN,7.685437166176604,,,main
SensorScope,Central-All,30019,SCI_COMPARABLE_MAIN,7.58688388845969,,,main
SensorScope,Central-All,30020,SCI_COMPARABLE_MAIN,7.652611460250528,,,main
SensorScope,Central-Delivered,30001,SCI_COMPARABLE_MAIN,7.971802306570611,,,main
SensorScope,Central-Delivered,30002,SCI_COMPARABLE_MAIN,7.942843757116565,,,main
SensorScope,Central-Delivered,30003,SCI_COMPARABLE_MAIN,7.914491273118262,,,main
SensorScope,Central-Delivered,30004,SCI_COMPARABLE_MAIN,7.9171183981707,,,main
SensorScope,Central-Delivered,30005,SCI_COMPARABLE_MAIN,8.016730027368233,,,main
SensorScope,Central-Delivered,30006,SCI_COMPARABLE_MAIN,7.793954227135963,,,main
SensorScope,Central-Delivered,30007,SCI_COMPARABLE_MAIN,8.029431295557153,,,main
SensorScope,Central-Delivered,30008,SCI_COMPARABLE_MAIN,7.9571402205797375,,,main
SensorScope,Central-Delivered,30009,SCI_COMPARABLE_MAIN,7.818176706484423,,,main
SensorScope,Central-Delivered,30010,SCI_COMPARABLE_MAIN,7.958601337075866,,,main
SensorScope,Central-Delivered,30011,SCI_COMPARABLE_MAIN,7.895973048419291,,,main
SensorScope,Central-Delivered,30012,SCI_COMPARABLE_MAIN,7.963194231097328,,,main
SensorScope,Central-Delivered,30013,SCI_COMPARABLE_MAIN,7.890352465836433,,,main
SensorScope,Central-Delivered,30014,SCI_COMPARABLE_MAIN,7.910023384516892,,,main
SensorScope,Central-Delivered,30015,SCI_COMPARABLE_MAIN,7.985637513527815,,,main
SensorScope,Central-Delivered,30016,SCI_COMPARABLE_MAIN,7.949169218503295,,,main
SensorScope,Central-Delivered,30017,SCI_COMPARABLE_MAIN,7.7781593659477855,,,main
SensorScope,Central-Delivered,30018,SCI_COMPARABLE_MAIN,7.881525116213301,,,main
SensorScope,Central-Delivered,30019,SCI_COMPARABLE_MAIN,7.923066436965731,,,main
SensorScope,Central-Delivered,30020,SCI_COMPARABLE_MAIN,8.08505137927125,,,main
SensorScope,Debt-Cal,30001,SCI_COMPARABLE_MAIN,7.915297744846339,1.0095427412964146,1.2254755277938303,main
SensorScope,Debt-Cal,30002,SCI_COMPARABLE_MAIN,7.868494928723746,1.0276971630050609,1.24721847698024,main
SensorScope,Debt-Cal,30003,SCI_COMPARABLE_MAIN,7.915956116525587,1.010410947606983,1.2371154151535024,main
SensorScope,Debt-Cal,30004,SCI_COMPARABLE_MAIN,7.830731093991368,1.053535912343852,1.2849634061880062,main
SensorScope,Debt-Cal,30005,SCI_COMPARABLE_MAIN,8.013777181554202,1.0352464247094566,1.286195605574399,main
SensorScope,Debt-Cal,30006,SCI_COMPARABLE_MAIN,7.914806210401019,1.0000909456994056,1.2475691990370466,main
SensorScope,Debt-Cal,30007,SCI_COMPARABLE_MAIN,7.998391477477126,1.0268656013670738,1.2438044627084583,main
SensorScope,Debt-Cal,30008,SCI_COMPARABLE_MAIN,7.946054935626687,0.9570082430595422,1.2382251236936743,main
SensorScope,Debt-Cal,30009,SCI_COMPARABLE_MAIN,7.900221953277217,1.024840767222981,1.2454149497468137,main
SensorScope,Debt-Cal,30010,SCI_COMPARABLE_MAIN,7.96456043249357,1.0519078608116939,1.330643077892975,main
SensorScope,Debt-Cal,30011,SCI_COMPARABLE_MAIN,7.948722471514547,1.0451357851806544,1.2938065254413025,main
SensorScope,Debt-Cal,30012,SCI_COMPARABLE_MAIN,7.886975430801029,1.0220891704365593,1.286085311905067,main
SensorScope,Debt-Cal,30013,SCI_COMPARABLE_MAIN,7.9821785383643515,1.0309777912020857,1.257719053373255,main
SensorScope,Debt-Cal,30014,SCI_COMPARABLE_MAIN,7.946777976103045,1.0466198986034125,1.2944476280348107,main
SensorScope,Debt-Cal,30015,SCI_COMPARABLE_MAIN,7.939142813744011,1.0207359305859511,1.2728094225568531,main
SensorScope,Debt-Cal,30016,SCI_COMPARABLE_MAIN,7.97873698486129,1.0018053568485268,1.288768570153958,main
SensorScope,Debt-Cal,30017,SCI_COMPARABLE_MAIN,7.989659523256059,1.032894658662477,1.2507354289191914,main
SensorScope,Debt-Cal,30018,SCI_COMPARABLE_MAIN,7.919663549105547,1.06297211809708,1.292092274187271,main
SensorScope,Debt-Cal,30019,SCI_COMPARABLE_MAIN,7.976403429895683,1.0000585946973317,1.267057831909916,main
SensorScope,Debt-Cal,30020,SCI_COMPARABLE_MAIN,7.961073907921165,1.084487998885435,1.329308920106167,main
SensorScope,FedAsync-Window,30001,SCI_COMPARABLE_MAIN,7.914987375753928,1.0433035593011954,1.2420794874277128,main
SensorScope,FedAsync-Window,30002,SCI_COMPARABLE_MAIN,7.875072256516806,1.0440164472062596,1.2659584399299082,main
SensorScope,FedAsync-Window,30003,SCI_COMPARABLE_MAIN,7.920228560548301,1.0514495727748754,1.2785698954324782,main
SensorScope,FedAsync-Window,30004,SCI_COMPARABLE_MAIN,7.828283781731355,1.0899071552569772,1.296646171122331,main
SensorScope,FedAsync-Window,30005,SCI_COMPARABLE_MAIN,8.009084064298781,1.0478669563284233,1.3080497593472642,main
SensorScope,FedAsync-Window,30006,SCI_COMPARABLE_MAIN,7.914756223561028,1.036976842463394,1.260226489789812,main
SensorScope,FedAsync-Window,30007,SCI_COMPARABLE_MAIN,7.990422253394001,1.0633340324292169,1.2651487959177365,main
SensorScope,FedAsync-Window,30008,SCI_COMPARABLE_MAIN,7.939971210751578,0.9852397136268024,1.25675159469899,main
SensorScope,FedAsync-Window,30009,SCI_COMPARABLE_MAIN,7.898148127028958,1.0343399148064936,1.2552236678179627,main
SensorScope,FedAsync-Window,30010,SCI_COMPARABLE_MAIN,7.958599699755578,1.07225974844612,1.3534199154426814,main
SensorScope,FedAsync-Window,30011,SCI_COMPARABLE_MAIN,7.942397880228304,1.0855996529796206,1.3204383662119974,main
SensorScope,FedAsync-Window,30012,SCI_COMPARABLE_MAIN,7.889176801401133,1.0345577490860136,1.2882836287135713,main
SensorScope,FedAsync-Window,30013,SCI_COMPARABLE_MAIN,7.987333649396839,1.0638544011966682,1.2891792545990888,main
SensorScope,FedAsync-Window,30014,SCI_COMPARABLE_MAIN,7.936057400942964,1.0793063750730119,1.3105411533509763,main
SensorScope,FedAsync-Window,30015,SCI_COMPARABLE_MAIN,7.938973891901094,1.0531705444314816,1.2859267860568988,main
SensorScope,FedAsync-Window,30016,SCI_COMPARABLE_MAIN,7.9789585338384885,1.034184311799751,1.3124048959852082,main
SensorScope,FedAsync-Window,30017,SCI_COMPARABLE_MAIN,7.999823392888205,1.0483341453211281,1.2721350247517575,main
SensorScope,FedAsync-Window,30018,SCI_COMPARABLE_MAIN,7.923934062683609,1.0988483893090726,1.3138071677215777,main
SensorScope,FedAsync-Window,30019,SCI_COMPARABLE_MAIN,7.978778827775458,1.0368186406237498,1.2846132808744706,main
SensorScope,FedAsync-Window,30020,SCI_COMPARABLE_MAIN,7.956649588000647,1.113461107109036,1.352349536061174,main
SensorScope,FedAvg-Window,30001,SCI_COMPARABLE_MAIN,7.914361980993586,1.0433329926179937,1.2422979138143753,main
SensorScope,FedAvg-Window,30002,SCI_COMPARABLE_MAIN,7.874722976466658,1.0423759073199488,1.2669848858624366,main
SensorScope,FedAvg-Window,30003,SCI_COMPARABLE_MAIN,7.918432839360214,1.0513745195898068,1.2781271187126726,main
SensorScope,FedAvg-Window,30004,SCI_COMPARABLE_MAIN,7.828085366096157,1.0893131373846656,1.2959504633592993,main
SensorScope,FedAvg-Window,30005,SCI_COMPARABLE_MAIN,8.009104445587706,1.0483361139897638,1.3071388392780583,main
SensorScope,FedAvg-Window,30006,SCI_COMPARABLE_MAIN,7.913759800938974,1.0366055669987118,1.2598999305652532,main
SensorScope,FedAvg-Window,30007,SCI_COMPARABLE_MAIN,7.991805174721638,1.064965321416934,1.2650939114648792,main
SensorScope,FedAvg-Window,30008,SCI_COMPARABLE_MAIN,7.93821685746566,0.9857842467918951,1.2567093568590075,main
SensorScope,FedAvg-Window,30009,SCI_COMPARABLE_MAIN,7.8977270526415,1.033722576235309,1.254444395446093,main
SensorScope,FedAvg-Window,30010,SCI_COMPARABLE_MAIN,7.960143636628071,1.0716073992571684,1.3531575695170164,main
SensorScope,FedAvg-Window,30011,SCI_COMPARABLE_MAIN,7.942042472328478,1.0849967061923578,1.3200732024715194,main
SensorScope,FedAvg-Window,30012,SCI_COMPARABLE_MAIN,7.889177600892373,1.034846157426802,1.2881076510108769,main
SensorScope,FedAvg-Window,30013,SCI_COMPARABLE_MAIN,7.987182829768198,1.063537512155023,1.2886576045562221,main
SensorScope,FedAvg-Window,30014,SCI_COMPARABLE_MAIN,7.936916494423676,1.0776157343762005,1.309539636753089,main
SensorScope,FedAvg-Window,30015,SCI_COMPARABLE_MAIN,7.938771535871757,1.0541024686185971,1.2857957454731648,main
SensorScope,FedAvg-Window,30016,SCI_COMPARABLE_MAIN,7.9786080448334875,1.0334462132849223,1.3119255849008766,main
SensorScope,FedAvg-Window,30017,SCI_COMPARABLE_MAIN,7.998586597463677,1.0483863209669657,1.2719677574516286,main
SensorScope,FedAvg-Window,30018,SCI_COMPARABLE_MAIN,7.925135637937268,1.099053523348939,1.3130832702479562,main
SensorScope,FedAvg-Window,30019,SCI_COMPARABLE_MAIN,7.9788604021904135,1.0369701721516233,1.2844177663734113,main
SensorScope,FedAvg-Window,30020,SCI_COMPARABLE_MAIN,7.956226309103518,1.1151179022825877,1.352990344874895,main
SensorScope,TimeAlign-Agg,30001,SCI_COMPARABLE_MAIN,7.914880089294206,1.0396486601009376,1.2398343259666835,main
SensorScope,TimeAlign-Agg,30002,SCI_COMPARABLE_MAIN,7.875861484856878,1.0436214871369573,1.2684945239092702,main
SensorScope,TimeAlign-Agg,30003,SCI_COMPARABLE_MAIN,7.922300512510099,1.0520110694199047,1.2811199553135035,main
SensorScope,TimeAlign-Agg,30004,SCI_COMPARABLE_MAIN,7.826949788805037,1.0911161049485028,1.2963929138105152,main
SensorScope,TimeAlign-Agg,30005,SCI_COMPARABLE_MAIN,8.00955586945474,1.0493277181222846,1.3078907189773061,main
SensorScope,TimeAlign-Agg,30006,SCI_COMPARABLE_MAIN,7.9145820332068135,1.0401003361184809,1.2607386751539975,main
SensorScope,TimeAlign-Agg,30007,SCI_COMPARABLE_MAIN,7.991214696136555,1.0636981857747982,1.2640206791416468,main
SensorScope,TimeAlign-Agg,30008,SCI_COMPARABLE_MAIN,7.940062903959316,0.9892043089748439,1.2569902790554601,main
SensorScope,TimeAlign-Agg,30009,SCI_COMPARABLE_MAIN,7.897109457901864,1.0325003123644882,1.254423816138587,main
SensorScope,TimeAlign-Agg,30010,SCI_COMPARABLE_MAIN,7.957538723965988,1.0677786882856002,1.3497038803490415,main
SensorScope,TimeAlign-Agg,30011,SCI_COMPARABLE_MAIN,7.943132745901646,1.0848309785897439,1.3205238115476545,main
SensorScope,TimeAlign-Agg,30012,SCI_COMPARABLE_MAIN,7.889211113238191,1.036402038821393,1.2900871231516393,main
SensorScope,TimeAlign-Agg,30013,SCI_COMPARABLE_MAIN,7.984108663060393,1.066582086628169,1.2905771136185882,main
SensorScope,TimeAlign-Agg,30014,SCI_COMPARABLE_MAIN,7.939261849172708,1.0774975310665078,1.308800061373843,main
SensorScope,TimeAlign-Agg,30015,SCI_COMPARABLE_MAIN,7.939825152541122,1.0593892069698514,1.2880548961194123,main
SensorScope,TimeAlign-Agg,30016,SCI_COMPARABLE_MAIN,7.977926742508984,1.0304822665323687,1.3100893482327933,main
SensorScope,TimeAlign-Agg,30017,SCI_COMPARABLE_MAIN,7.998245245485566,1.0494786575431732,1.2709010225139254,main
SensorScope,TimeAlign-Agg,30018,SCI_COMPARABLE_MAIN,7.932660739750634,1.0971445843347367,1.3142252503203267,main
SensorScope,TimeAlign-Agg,30019,SCI_COMPARABLE_MAIN,7.980053233751013,1.0363253308817821,1.2827863649940263,main
SensorScope,TimeAlign-Agg,30020,SCI_COMPARABLE_MAIN,7.9558402632000265,1.1140961396648996,1.3529903448748948,main
SensorScope,Inst-Cal,30001,SCI_COMPARABLE_MAIN,7.9138595586894525,0.9986066222082528,1.2145164806400233,main
SensorScope,Inst-Cal,30002,SCI_COMPARABLE_MAIN,7.871141994900741,1.0164420498861388,1.2432292928875566,main
SensorScope,Inst-Cal,30003,SCI_COMPARABLE_MAIN,7.912758746249393,0.988256198423374,1.227655413696019,main
SensorScope,Inst-Cal,30004,SCI_COMPARABLE_MAIN,7.819585724710081,1.0423075459102848,1.2777889593637521,main
SensorScope,Inst-Cal,30005,SCI_COMPARABLE_MAIN,8.018991805677423,1.009096389947546,1.2816409758818592,main
SensorScope,Inst-Cal,30006,SCI_COMPARABLE_MAIN,7.918409897470545,0.9897716828273451,1.2433326143021148,main
SensorScope,Inst-Cal,30007,SCI_COMPARABLE_MAIN,7.980055276933999,1.0102370374009464,1.2354119076009906,main
SensorScope,Inst-Cal,30008,SCI_COMPARABLE_MAIN,7.936454136433752,0.9394604055197056,1.2310559672924186,main
SensorScope,Inst-Cal,30009,SCI_COMPARABLE_MAIN,7.899656852105435,1.0090591213608517,1.238918296713872,main
SensorScope,Inst-Cal,30010,SCI_COMPARABLE_MAIN,7.976403808640745,1.0382707847670014,1.3197211468951366,main
SensorScope,Inst-Cal,30011,SCI_COMPARABLE_MAIN,7.943951001962901,1.030424944036128,1.2860159821676427,main
SensorScope,Inst-Cal,30012,SCI_COMPARABLE_MAIN,7.879431706770402,1.0032407475034273,1.278015303641022,main
SensorScope,Inst-Cal,30013,SCI_COMPARABLE_MAIN,7.975035433934857,1.0240720862738022,1.2554151154232467,main
SensorScope,Inst-Cal,30014,SCI_COMPARABLE_MAIN,7.936400678845842,1.0341402686296324,1.2853060218472172,main
SensorScope,Inst-Cal,30015,SCI_COMPARABLE_MAIN,7.934869912248156,1.006943831071837,1.2612500060307315,main
SensorScope,Inst-Cal,30016,SCI_COMPARABLE_MAIN,7.97901657987022,0.9890843556821611,1.2825384349090665,main
SensorScope,Inst-Cal,30017,SCI_COMPARABLE_MAIN,7.988633195875219,1.0194801458671878,1.2462453753582479,main
SensorScope,Inst-Cal,30018,SCI_COMPARABLE_MAIN,7.937872934841865,1.0548022963395274,1.2840757519404264,main
SensorScope,Inst-Cal,30019,SCI_COMPARABLE_MAIN,7.977216830553722,0.9907901296280115,1.258570370143836,main
SensorScope,Inst-Cal,30020,SCI_COMPARABLE_MAIN,7.960065298809859,1.0872364501209062,1.3379067337922614,main
SensorScope,Local-Hajek,30001,SCI_COMPARABLE_MAIN,7.914361980993586,1.0433329926179937,1.2422979138143753,main
SensorScope,Local-Hajek,30002,SCI_COMPARABLE_MAIN,7.874722976466658,1.0423759073199488,1.2669848858624366,main
SensorScope,Local-Hajek,30003,SCI_COMPARABLE_MAIN,7.918432839360214,1.0513745195898068,1.2781271187126726,main
SensorScope,Local-Hajek,30004,SCI_COMPARABLE_MAIN,7.828085366096157,1.0893131373846656,1.2959504633592989,main
SensorScope,Local-Hajek,30005,SCI_COMPARABLE_MAIN,8.009104445587706,1.0483361139897638,1.3071388392780583,main
SensorScope,Local-Hajek,30006,SCI_COMPARABLE_MAIN,7.913759800938974,1.0366055669987118,1.2598999305652532,main
SensorScope,Local-Hajek,30007,SCI_COMPARABLE_MAIN,7.991805174721638,1.064965321416934,1.2650939114648792,main
SensorScope,Local-Hajek,30008,SCI_COMPARABLE_MAIN,7.93821685746566,0.9857842467918951,1.2567093568590075,main
SensorScope,Local-Hajek,30009,SCI_COMPARABLE_MAIN,7.8977270526415,1.033722576235309,1.254444395446093,main
SensorScope,Local-Hajek,30010,SCI_COMPARABLE_MAIN,7.960143636628071,1.0716073992571684,1.3531575695170164,main
SensorScope,Local-Hajek,30011,SCI_COMPARABLE_MAIN,7.942042472328478,1.0849967061923578,1.3200732024715194,main
SensorScope,Local-Hajek,30012,SCI_COMPARABLE_MAIN,7.889177600892373,1.034846157426802,1.2881076510108769,main
SensorScope,Local-Hajek,30013,SCI_COMPARABLE_MAIN,7.987182829768198,1.063537512155023,1.2886576045562221,main
SensorScope,Local-Hajek,30014,SCI_COMPARABLE_MAIN,7.936916494423676,1.0776157343762005,1.309539636753089,main
SensorScope,Local-Hajek,30015,SCI_COMPARABLE_MAIN,7.938771535871757,1.0541024686185971,1.2857957454731648,main
SensorScope,Local-Hajek,30016,SCI_COMPARABLE_MAIN,7.9786080448334875,1.0334462132849223,1.3119255849008766,main
SensorScope,Local-Hajek,30017,SCI_COMPARABLE_MAIN,7.998586597463677,1.0483863209669657,1.2719677574516286,main
SensorScope,Local-Hajek,30018,SCI_COMPARABLE_MAIN,7.925135637937268,1.099053523348939,1.3130832702479562,main
SensorScope,Local-Hajek,30019,SCI_COMPARABLE_MAIN,7.9788604021904135,1.0369701721516233,1.2844177663734113,main
SensorScope,Local-Hajek,30020,SCI_COMPARABLE_MAIN,7.956226309103518,1.1151179022825877,1.352990344874895,main
SensorScope,RAVEN-MCS,30001,SCI_COMPARABLE_MAIN,7.913791224192832,0.9984597031193984,1.214493695326521,main
SensorScope,RAVEN-MCS,30002,SCI_COMPARABLE_MAIN,7.8711066009172805,1.0163090121121825,1.2431424371461768,main
SensorScope,RAVEN-MCS,30003,SCI_COMPARABLE_MAIN,7.912752449814846,0.987986650220171,1.2275379242810647,main
SensorScope,RAVEN-MCS,30004,SCI_COMPARABLE_MAIN,7.819513648080064,1.0422365849976831,1.277735105290421,main
SensorScope,RAVEN-MCS,30005,SCI_COMPARABLE_MAIN,8.019002765163714,1.0089789888358265,1.2816181819842343,main
SensorScope,RAVEN-MCS,30006,SCI_COMPARABLE_MAIN,7.918400910463253,0.9895753536742937,1.2432774583600854,main
SensorScope,RAVEN-MCS,30007,SCI_COMPARABLE_MAIN,7.979988410761757,1.0100807534481162,1.2353840602099804,main
SensorScope,RAVEN-MCS,30008,SCI_COMPARABLE_MAIN,7.936410201989762,0.9393123464767481,1.2310446800709207,main
SensorScope,RAVEN-MCS,30009,SCI_COMPARABLE_MAIN,7.899599273822839,1.0088851531251488,1.238890820397546,main
SensorScope,RAVEN-MCS,30010,SCI_COMPARABLE_MAIN,7.976430767879946,1.03814980014277,1.3196560244379938,main
SensorScope,RAVEN-MCS,30011,SCI_COMPARABLE_MAIN,7.943988598407923,1.0303587866854431,1.285993261174073,main
SensorScope,RAVEN-MCS,30012,SCI_COMPARABLE_MAIN,7.879424097815838,1.0031060360546422,1.277988485086274,main
SensorScope,RAVEN-MCS,30013,SCI_COMPARABLE_MAIN,7.9749815903925185,1.0239619990670108,1.2553059578568249,main
SensorScope,RAVEN-MCS,30014,SCI_COMPARABLE_MAIN,7.936370229252201,1.0340455375778568,1.2852656734819687,main
SensorScope,RAVEN-MCS,30015,SCI_COMPARABLE_MAIN,7.934870398845457,1.0068240353091447,1.261207381708227,main
SensorScope,RAVEN-MCS,30016,SCI_COMPARABLE_MAIN,7.9790184154104775,0.9889110085578758,1.2825280981688456,main
SensorScope,RAVEN-MCS,30017,SCI_COMPARABLE_MAIN,7.98882202891608,1.0193012200949805,1.246154103986357,main
SensorScope,RAVEN-MCS,30018,SCI_COMPARABLE_MAIN,7.937892494352546,1.0546663047233986,1.2840696137956993,main
SensorScope,RAVEN-MCS,30019,SCI_COMPARABLE_MAIN,7.977336595186988,0.9906093845200352,1.2584702565682213,main
SensorScope,RAVEN-MCS,30020,SCI_COMPARABLE_MAIN,7.960076276049351,1.0871103525482646,1.3378294819705725,main
SensorScope,RAVEN-SimOracle,30001,SCI_COMPARABLE_MAIN,7.903624828633094,1.0002259255773978,1.2200304168048026,main
SensorScope,RAVEN-SimOracle,30002,SCI_COMPARABLE_MAIN,7.876511174212882,1.0296152264368759,1.255317890018641,main
SensorScope,RAVEN-SimOracle,30003,SCI_COMPARABLE_MAIN,7.913179798625236,0.9803617770596974,1.2390759536694151,main
SensorScope,RAVEN-SimOracle,30004,SCI_COMPARABLE_MAIN,7.826693459008727,1.0469701810368823,1.2866440132920256,main
SensorScope,RAVEN-SimOracle,30005,SCI_COMPARABLE_MAIN,8.01642006732494,1.0116537046670278,1.2851806034530622,main
SensorScope,RAVEN-SimOracle,30006,SCI_COMPARABLE_MAIN,7.922593856132975,0.9918574905854042,1.2504532746200219,main
SensorScope,RAVEN-SimOracle,30007,SCI_COMPARABLE_MAIN,7.977260355375308,1.0175138320731034,1.2373051217088396,main
SensorScope,RAVEN-SimOracle,30008,SCI_COMPARABLE_MAIN,7.924260291856048,0.9374521892227778,1.2374090580335246,main
SensorScope,RAVEN-SimOracle,30009,SCI_COMPARABLE_MAIN,7.898069757702117,1.0196015960362081,1.2443916465971072,main
SensorScope,RAVEN-SimOracle,30010,SCI_COMPARABLE_MAIN,7.9749430801645875,1.040784204234663,1.3222059904967753,main
SensorScope,RAVEN-SimOracle,30011,SCI_COMPARABLE_MAIN,7.945272612755922,1.0397950765163653,1.2981058221756245,main
SensorScope,RAVEN-SimOracle,30012,SCI_COMPARABLE_MAIN,7.886282632095165,1.0016805979405212,1.284465535896646,main
SensorScope,RAVEN-SimOracle,30013,SCI_COMPARABLE_MAIN,7.968914114974906,1.0286804188329843,1.2617305040239084,main
SensorScope,RAVEN-SimOracle,30014,SCI_COMPARABLE_MAIN,7.93988863953587,1.0364925448694566,1.2901372999591376,main
SensorScope,RAVEN-SimOracle,30015,SCI_COMPARABLE_MAIN,7.931455157175274,1.0048415932930315,1.2671026563373504,main
SensorScope,RAVEN-SimOracle,30016,SCI_COMPARABLE_MAIN,7.979607334697195,0.9919827011358537,1.2920966437257397,main
SensorScope,RAVEN-SimOracle,30017,SCI_COMPARABLE_MAIN,7.983873986869776,1.0186311424044774,1.2530630936639071,main
SensorScope,RAVEN-SimOracle,30018,SCI_COMPARABLE_MAIN,7.9327050750571475,1.0548764738537895,1.29156383140011,main
SensorScope,RAVEN-SimOracle,30019,SCI_COMPARABLE_MAIN,7.985530588235937,0.9782254576134201,1.2648743775227544,main
SensorScope,RAVEN-SimOracle,30020,SCI_COMPARABLE_MAIN,7.959877618753752,1.0881659597158826,1.336516464424851,main
SensorScope,TwoStage-Hajek,30001,SCI_COMPARABLE_MAIN,7.894265663491522,1.0389365634028656,1.2416076010133024,main
SensorScope,TwoStage-Hajek,30002,SCI_COMPARABLE_MAIN,7.875661695052842,1.0217245509381843,1.2670956926554917,main
SensorScope,TwoStage-Hajek,30003,SCI_COMPARABLE_MAIN,7.883414549628482,0.993495612467219,1.2496956883341723,main
SensorScope,TwoStage-Hajek,30004,SCI_COMPARABLE_MAIN,7.80749755970464,1.0798258732997854,1.3051166998623058,main
SensorScope,TwoStage-Hajek,30005,SCI_COMPARABLE_MAIN,8.043574806861333,1.0306997510142821,1.3019577392518475,main
SensorScope,TwoStage-Hajek,30006,SCI_COMPARABLE_MAIN,7.908274698582147,1.0153215657144816,1.269557922606388,main
SensorScope,TwoStage-Hajek,30007,SCI_COMPARABLE_MAIN,7.969799259077954,1.0433348786080439,1.2686746949665535,main
SensorScope,TwoStage-Hajek,30008,SCI_COMPARABLE_MAIN,7.911893756322189,0.9498754676132524,1.2578887971765718,main
SensorScope,TwoStage-Hajek,30009,SCI_COMPARABLE_MAIN,7.921197028425847,1.0297062948790416,1.2697638859914673,main
SensorScope,TwoStage-Hajek,30010,SCI_COMPARABLE_MAIN,8.00406875901196,1.0464595394407494,1.341502760073598,main
SensorScope,TwoStage-Hajek,30011,SCI_COMPARABLE_MAIN,7.923369817284935,1.0563391054555795,1.3151976440165876,main
SensorScope,TwoStage-Hajek,30012,SCI_COMPARABLE_MAIN,7.869724292887455,0.9982472713709287,1.296954843132086,main
SensorScope,TwoStage-Hajek,30013,SCI_COMPARABLE_MAIN,7.937021578301567,1.0385954441188099,1.2770192968620262,main
SensorScope,TwoStage-Hajek,30014,SCI_COMPARABLE_MAIN,7.9102377367977965,1.062338885024925,1.314391233333091,main
SensorScope,TwoStage-Hajek,30015,SCI_COMPARABLE_MAIN,7.905632832490777,1.0176614078299218,1.2763363736587225,main
SensorScope,TwoStage-Hajek,30016,SCI_COMPARABLE_MAIN,7.9610518549182805,1.021673222968913,1.3155476542766722,main
SensorScope,TwoStage-Hajek,30017,SCI_COMPARABLE_MAIN,7.9897059930796965,1.0448198807740485,1.2727801945766553,main
SensorScope,TwoStage-Hajek,30018,SCI_COMPARABLE_MAIN,7.955215225703562,1.0753338814016637,1.30622580220018,main
SensorScope,TwoStage-Hajek,30019,SCI_COMPARABLE_MAIN,7.981601891519884,1.028053793244082,1.2973180031308102,main
SensorScope,TwoStage-Hajek,30020,SCI_COMPARABLE_MAIN,7.9640301237310895,1.1142301403617307,1.3752127470633733,main
NSW-Traffic,Central-All,30001,NOT_COMPARABLE_CROSS_VINTAGE,0.9640022607953328,,,reference_only
NSW-Traffic,Central-All,30002,NOT_COMPARABLE_CROSS_VINTAGE,0.9604749579744546,,,reference_only
NSW-Traffic,Central-All,30003,NOT_COMPARABLE_CROSS_VINTAGE,0.9607448672441151,,,reference_only
NSW-Traffic,Central-All,30004,NOT_COMPARABLE_CROSS_VINTAGE,0.9509398352092223,,,reference_only
NSW-Traffic,Central-All,30005,NOT_COMPARABLE_CROSS_VINTAGE,0.9634150669218584,,,reference_only
NSW-Traffic,Central-All,30006,NOT_COMPARABLE_CROSS_VINTAGE,0.9415812555921825,,,reference_only
NSW-Traffic,Central-All,30007,NOT_COMPARABLE_CROSS_VINTAGE,0.9686241240575365,,,reference_only
NSW-Traffic,Central-All,30008,NOT_COMPARABLE_CROSS_VINTAGE,0.9497734703493895,,,reference_only
NSW-Traffic,Central-All,30009,NOT_COMPARABLE_CROSS_VINTAGE,0.9630966063468357,,,reference_only
NSW-Traffic,Central-All,30010,NOT_COMPARABLE_CROSS_VINTAGE,0.9634106640984372,,,reference_only
NSW-Traffic,Central-All,30011,NOT_COMPARABLE_CROSS_VINTAGE,0.9405040869885166,,,reference_only
NSW-Traffic,Central-All,30012,NOT_COMPARABLE_CROSS_VINTAGE,0.9672020423140983,,,reference_only
NSW-Traffic,Central-All,30013,NOT_COMPARABLE_CROSS_VINTAGE,0.9134110237430161,,,reference_only
NSW-Traffic,Central-All,30014,NOT_COMPARABLE_CROSS_VINTAGE,0.9437367468391247,,,reference_only
NSW-Traffic,Central-All,30015,NOT_COMPARABLE_CROSS_VINTAGE,0.9606312616531006,,,reference_only
NSW-Traffic,Central-All,30016,NOT_COMPARABLE_CROSS_VINTAGE,0.9471257311755429,,,reference_only
NSW-Traffic,Central-All,30017,NOT_COMPARABLE_CROSS_VINTAGE,0.9616015172991489,,,reference_only
NSW-Traffic,Central-All,30018,NOT_COMPARABLE_CROSS_VINTAGE,0.9534528933719821,,,reference_only
NSW-Traffic,Central-All,30019,NOT_COMPARABLE_CROSS_VINTAGE,0.9616734357572927,,,reference_only
NSW-Traffic,Central-All,30020,NOT_COMPARABLE_CROSS_VINTAGE,0.9412359649708401,,,reference_only
NSW-Traffic,Central-Delivered,30001,NOT_COMPARABLE_CROSS_VINTAGE,0.982733215252889,,,reference_only
NSW-Traffic,Central-Delivered,30002,NOT_COMPARABLE_CROSS_VINTAGE,0.9724244914879181,,,reference_only
NSW-Traffic,Central-Delivered,30003,NOT_COMPARABLE_CROSS_VINTAGE,0.9778619867101261,,,reference_only
NSW-Traffic,Central-Delivered,30004,NOT_COMPARABLE_CROSS_VINTAGE,0.9610036378651309,,,reference_only
NSW-Traffic,Central-Delivered,30005,NOT_COMPARABLE_CROSS_VINTAGE,0.9748239535576022,,,reference_only
NSW-Traffic,Central-Delivered,30006,NOT_COMPARABLE_CROSS_VINTAGE,0.9713067073415681,,,reference_only
NSW-Traffic,Central-Delivered,30007,NOT_COMPARABLE_CROSS_VINTAGE,0.9968519814063785,,,reference_only
NSW-Traffic,Central-Delivered,30008,NOT_COMPARABLE_CROSS_VINTAGE,0.970068338570251,,,reference_only
NSW-Traffic,Central-Delivered,30009,NOT_COMPARABLE_CROSS_VINTAGE,0.9489946134537913,,,reference_only
NSW-Traffic,Central-Delivered,30010,NOT_COMPARABLE_CROSS_VINTAGE,0.9795015086899262,,,reference_only
NSW-Traffic,Central-Delivered,30011,NOT_COMPARABLE_CROSS_VINTAGE,0.9795025654696741,,,reference_only
NSW-Traffic,Central-Delivered,30012,NOT_COMPARABLE_CROSS_VINTAGE,0.988025225723247,,,reference_only
NSW-Traffic,Central-Delivered,30013,NOT_COMPARABLE_CROSS_VINTAGE,0.9552446441416126,,,reference_only
NSW-Traffic,Central-Delivered,30014,NOT_COMPARABLE_CROSS_VINTAGE,0.9376937407235126,,,reference_only
NSW-Traffic,Central-Delivered,30015,NOT_COMPARABLE_CROSS_VINTAGE,1.0073726855531615,,,reference_only
NSW-Traffic,Central-Delivered,30016,NOT_COMPARABLE_CROSS_VINTAGE,0.9728009253429721,,,reference_only
NSW-Traffic,Central-Delivered,30017,NOT_COMPARABLE_CROSS_VINTAGE,0.9764921418965976,,,reference_only
NSW-Traffic,Central-Delivered,30018,NOT_COMPARABLE_CROSS_VINTAGE,0.9961008383681205,,,reference_only
NSW-Traffic,Central-Delivered,30019,NOT_COMPARABLE_CROSS_VINTAGE,0.9953998328108347,,,reference_only
NSW-Traffic,Central-Delivered,30020,NOT_COMPARABLE_CROSS_VINTAGE,0.9643007460901911,,,reference_only
NSW-Traffic,Debt-Cal,30001,NOT_COMPARABLE_CROSS_VINTAGE,1.0058247391729744,0.37359713016736884,0.48959128876630265,reference_only
NSW-Traffic,Debt-Cal,30002,NOT_COMPARABLE_CROSS_VINTAGE,1.004733373386476,0.3871387444854575,0.5112340680296809,reference_only
NSW-Traffic,Debt-Cal,30003,NOT_COMPARABLE_CROSS_VINTAGE,1.005287654177451,0.3757299395466337,0.5091720249115912,reference_only
NSW-Traffic,Debt-Cal,30004,NOT_COMPARABLE_CROSS_VINTAGE,1.0026598218553033,0.3782829578688709,0.5385644682397339,reference_only
NSW-Traffic,Debt-Cal,30005,NOT_COMPARABLE_CROSS_VINTAGE,1.0043934963890295,0.36544369583253067,0.5126672418911954,reference_only
NSW-Traffic,Debt-Cal,30006,NOT_COMPARABLE_CROSS_VINTAGE,1.001005319440371,0.3677693227561336,0.5223682704684987,reference_only
NSW-Traffic,Debt-Cal,30007,NOT_COMPARABLE_CROSS_VINTAGE,1.0051337921098389,0.3970582065730564,0.528804615172633,reference_only
NSW-Traffic,Debt-Cal,30008,NOT_COMPARABLE_CROSS_VINTAGE,1.0047697906502533,0.347877453794597,0.5135947889575982,reference_only
NSW-Traffic,Debt-Cal,30009,NOT_COMPARABLE_CROSS_VINTAGE,1.0045464674136462,0.3564728437826752,0.5088427294107827,reference_only
NSW-Traffic,Debt-Cal,30010,NOT_COMPARABLE_CROSS_VINTAGE,1.0051659044941972,0.3725325048490537,0.516638653114994,reference_only
NSW-Traffic,Debt-Cal,30011,NOT_COMPARABLE_CROSS_VINTAGE,1.0040569428177226,0.3759348270679067,0.5319316308084158,reference_only
NSW-Traffic,Debt-Cal,30012,NOT_COMPARABLE_CROSS_VINTAGE,1.0041940234499107,0.41523042047590375,0.5310808258175166,reference_only
NSW-Traffic,Debt-Cal,30013,NOT_COMPARABLE_CROSS_VINTAGE,0.9950237632010236,0.3684464073039939,0.5220973574246234,reference_only
NSW-Traffic,Debt-Cal,30014,NOT_COMPARABLE_CROSS_VINTAGE,1.0004953222705097,0.364441310048378,0.49898431489651607,reference_only
NSW-Traffic,Debt-Cal,30015,NOT_COMPARABLE_CROSS_VINTAGE,1.0036117014307981,0.3775551829702335,0.51787264501658,reference_only
NSW-Traffic,Debt-Cal,30016,NOT_COMPARABLE_CROSS_VINTAGE,1.0050019786325843,0.37414367731569775,0.5042544249008619,reference_only
NSW-Traffic,Debt-Cal,30017,NOT_COMPARABLE_CROSS_VINTAGE,1.0046526194225962,0.3467026573971065,0.48798958839972073,reference_only
NSW-Traffic,Debt-Cal,30018,NOT_COMPARABLE_CROSS_VINTAGE,1.0008015769110359,0.40441671165838283,0.5550978138048979,reference_only
NSW-Traffic,Debt-Cal,30019,NOT_COMPARABLE_CROSS_VINTAGE,1.004816102011206,0.37577016623674253,0.5220126624154228,reference_only
NSW-Traffic,Debt-Cal,30020,NOT_COMPARABLE_CROSS_VINTAGE,1.0033384129457978,0.35303469532833387,0.49241291105390944,reference_only
NSW-Traffic,Inst-Cal,30001,NOT_COMPARABLE_CROSS_VINTAGE,1.0057480446924638,0.3512505489739548,0.4680589712472652,reference_only
NSW-Traffic,Inst-Cal,30002,NOT_COMPARABLE_CROSS_VINTAGE,1.004995007012492,0.37135496083626657,0.49051920281111344,reference_only
NSW-Traffic,Inst-Cal,30003,NOT_COMPARABLE_CROSS_VINTAGE,1.0053941234487205,0.36616471179527205,0.48851794815768407,reference_only
NSW-Traffic,Inst-Cal,30004,NOT_COMPARABLE_CROSS_VINTAGE,1.0023901797186319,0.36443998337871497,0.5136762710554602,reference_only
NSW-Traffic,Inst-Cal,30005,NOT_COMPARABLE_CROSS_VINTAGE,1.004334657126584,0.35141367888710173,0.4971409248664531,reference_only
NSW-Traffic,Inst-Cal,30006,NOT_COMPARABLE_CROSS_VINTAGE,1.001433514412909,0.35456177344873774,0.497954611833086,reference_only
NSW-Traffic,Inst-Cal,30007,NOT_COMPARABLE_CROSS_VINTAGE,1.005032191625929,0.385156248223519,0.5119287383457365,reference_only
NSW-Traffic,Inst-Cal,30008,NOT_COMPARABLE_CROSS_VINTAGE,1.004806469993643,0.33954788806463865,0.5001241253815655,reference_only
NSW-Traffic,Inst-Cal,30009,NOT_COMPARABLE_CROSS_VINTAGE,1.0041039671782273,0.34796021517339526,0.5042305827009033,reference_only
NSW-Traffic,Inst-Cal,30010,NOT_COMPARABLE_CROSS_VINTAGE,1.005300131930479,0.36429464745842544,0.4995795338254911,reference_only
NSW-Traffic,Inst-Cal,30011,NOT_COMPARABLE_CROSS_VINTAGE,1.0035982969951067,0.3725411538548411,0.5176803334608945,reference_only
NSW-Traffic,Inst-Cal,30012,NOT_COMPARABLE_CROSS_VINTAGE,1.004231281517691,0.3949413221618704,0.5128163965898423,reference_only
NSW-Traffic,Inst-Cal,30013,NOT_COMPARABLE_CROSS_VINTAGE,0.9951757280822272,0.3557964994027469,0.5110783697363368,reference_only
NSW-Traffic,Inst-Cal,30014,NOT_COMPARABLE_CROSS_VINTAGE,1.0006810701514959,0.36937553590702443,0.49284707735709793,reference_only
NSW-Traffic,Inst-Cal,30015,NOT_COMPARABLE_CROSS_VINTAGE,1.0040043454753023,0.3629556882481789,0.495894988547978,reference_only
NSW-Traffic,Inst-Cal,30016,NOT_COMPARABLE_CROSS_VINTAGE,1.0051217727819515,0.36027272582057973,0.4863059070863276,reference_only
NSW-Traffic,Inst-Cal,30017,NOT_COMPARABLE_CROSS_VINTAGE,1.004609958793513,0.3283934666717653,0.47162357128207044,reference_only
NSW-Traffic,Inst-Cal,30018,NOT_COMPARABLE_CROSS_VINTAGE,1.00094033857259,0.3954527076814011,0.5348309357692125,reference_only
NSW-Traffic,Inst-Cal,30019,NOT_COMPARABLE_CROSS_VINTAGE,1.0046928295161912,0.36009107184104805,0.5021603000409957,reference_only
NSW-Traffic,Inst-Cal,30020,NOT_COMPARABLE_CROSS_VINTAGE,1.003030205516693,0.3509707908620716,0.4791902522615932,reference_only
NSW-Traffic,Local-Hajek,30001,NOT_COMPARABLE_CROSS_VINTAGE,1.0055697313116085,0.35980081669107855,0.47973929903628026,reference_only
NSW-Traffic,Local-Hajek,30002,NOT_COMPARABLE_CROSS_VINTAGE,1.0054319882459515,0.37284605408781335,0.4982618112276548,reference_only
NSW-Traffic,Local-Hajek,30003,NOT_COMPARABLE_CROSS_VINTAGE,1.0051538422975739,0.37335432440608207,0.4980965937379332,reference_only
NSW-Traffic,Local-Hajek,30004,NOT_COMPARABLE_CROSS_VINTAGE,1.002285003967803,0.3543141444129654,0.5121911855066816,reference_only
NSW-Traffic,Local-Hajek,30005,NOT_COMPARABLE_CROSS_VINTAGE,1.0042792540874637,0.3630869013847038,0.5072656189079126,reference_only
NSW-Traffic,Local-Hajek,30006,NOT_COMPARABLE_CROSS_VINTAGE,1.002369897919334,0.35964918207209334,0.4962554450496694,reference_only
NSW-Traffic,Local-Hajek,30007,NOT_COMPARABLE_CROSS_VINTAGE,1.0049126928774879,0.3870497551390705,0.5288706311963147,reference_only
NSW-Traffic,Local-Hajek,30008,NOT_COMPARABLE_CROSS_VINTAGE,1.0047540160800128,0.3498655413654323,0.514110163434548,reference_only
NSW-Traffic,Local-Hajek,30009,NOT_COMPARABLE_CROSS_VINTAGE,1.003773203141749,0.3590286687752964,0.5218036069766241,reference_only
NSW-Traffic,Local-Hajek,30010,NOT_COMPARABLE_CROSS_VINTAGE,1.0053198115036894,0.3765548373313047,0.5068900390672038,reference_only
NSW-Traffic,Local-Hajek,30011,NOT_COMPARABLE_CROSS_VINTAGE,1.0034406218362528,0.3860195749186397,0.5271969526363902,reference_only
NSW-Traffic,Local-Hajek,30012,NOT_COMPARABLE_CROSS_VINTAGE,1.0042178847312373,0.3916081508270479,0.5203871575739325,reference_only
NSW-Traffic,Local-Hajek,30013,NOT_COMPARABLE_CROSS_VINTAGE,0.9950908934430216,0.3607799099466892,0.5224158062115543,reference_only
NSW-Traffic,Local-Hajek,30014,NOT_COMPARABLE_CROSS_VINTAGE,1.0009036761803014,0.39119342736732204,0.5123520279308535,reference_only
NSW-Traffic,Local-Hajek,30015,NOT_COMPARABLE_CROSS_VINTAGE,1.004446117320901,0.36730308923519117,0.5013668825426076,reference_only
NSW-Traffic,Local-Hajek,30016,NOT_COMPARABLE_CROSS_VINTAGE,1.0050215283851556,0.36164388086445953,0.4871013855790137,reference_only
NSW-Traffic,Local-Hajek,30017,NOT_COMPARABLE_CROSS_VINTAGE,1.0045479949284883,0.33037012345498995,0.48644834336345383,reference_only
NSW-Traffic,Local-Hajek,30018,NOT_COMPARABLE_CROSS_VINTAGE,1.0009316870795701,0.3987049988637206,0.5380113528548341,reference_only
NSW-Traffic,Local-Hajek,30019,NOT_COMPARABLE_CROSS_VINTAGE,1.004544734148191,0.36453574405197203,0.5033709441854505,reference_only
NSW-Traffic,Local-Hajek,30020,NOT_COMPARABLE_CROSS_VINTAGE,1.0028245254104717,0.35876120266868683,0.48936069918727115,reference_only
NSW-Traffic,RAVEN-SimOracle,30001,NOT_COMPARABLE_CROSS_VINTAGE,1.00575410524849,0.3517633316794925,0.4694978059346506,reference_only
NSW-Traffic,RAVEN-SimOracle,30002,NOT_COMPARABLE_CROSS_VINTAGE,1.0049917344051205,0.3708785256693581,0.489874384951381,reference_only
NSW-Traffic,RAVEN-SimOracle,30003,NOT_COMPARABLE_CROSS_VINTAGE,1.0053806297587806,0.3645554676886991,0.48849588603222804,reference_only
NSW-Traffic,RAVEN-SimOracle,30004,NOT_COMPARABLE_CROSS_VINTAGE,1.002382522753316,0.3627616956689148,0.5120531822284895,reference_only
NSW-Traffic,RAVEN-SimOracle,30005,NOT_COMPARABLE_CROSS_VINTAGE,1.004324906261934,0.35103871402693143,0.4961755367686375,reference_only
NSW-Traffic,RAVEN-SimOracle,30006,NOT_COMPARABLE_CROSS_VINTAGE,1.0014216645663105,0.3533610278929161,0.497122790552603,reference_only
NSW-Traffic,RAVEN-SimOracle,30007,NOT_COMPARABLE_CROSS_VINTAGE,1.0050318304655408,0.38384022008129054,0.5112955488372919,reference_only
NSW-Traffic,RAVEN-SimOracle,30008,NOT_COMPARABLE_CROSS_VINTAGE,1.0047888490464834,0.33786338030573027,0.49844765357836407,reference_only
NSW-Traffic,RAVEN-SimOracle,30009,NOT_COMPARABLE_CROSS_VINTAGE,1.0041125241795326,0.34690243741219107,0.5034198770791847,reference_only
NSW-Traffic,RAVEN-SimOracle,30010,NOT_COMPARABLE_CROSS_VINTAGE,1.0052839284691821,0.36319157902281785,0.49895449710698475,reference_only
NSW-Traffic,RAVEN-SimOracle,30011,NOT_COMPARABLE_CROSS_VINTAGE,1.003627045289724,0.37257801529489676,0.5184212792647109,reference_only
NSW-Traffic,RAVEN-SimOracle,30012,NOT_COMPARABLE_CROSS_VINTAGE,1.0042256153237936,0.39425987739036267,0.5119017717313727,reference_only
NSW-Traffic,RAVEN-SimOracle,30013,NOT_COMPARABLE_CROSS_VINTAGE,0.9951729641143807,0.35562777344101015,0.5110283688042061,reference_only
NSW-Traffic,RAVEN-SimOracle,30014,NOT_COMPARABLE_CROSS_VINTAGE,1.0006823241537466,0.3682279608283892,0.4924508265984367,reference_only
NSW-Traffic,RAVEN-SimOracle,30015,NOT_COMPARABLE_CROSS_VINTAGE,1.0039982237860887,0.36148442686010007,0.4950440496286371,reference_only
NSW-Traffic,RAVEN-SimOracle,30016,NOT_COMPARABLE_CROSS_VINTAGE,1.0051350424931527,0.3585703365080065,0.4850532109632137,reference_only
NSW-Traffic,RAVEN-SimOracle,30017,NOT_COMPARABLE_CROSS_VINTAGE,1.0046108816131862,0.3263466848863795,0.47016132305743397,reference_only
NSW-Traffic,RAVEN-SimOracle,30018,NOT_COMPARABLE_CROSS_VINTAGE,1.000911119120074,0.3940847601796038,0.5347349964126988,reference_only
NSW-Traffic,RAVEN-SimOracle,30019,NOT_COMPARABLE_CROSS_VINTAGE,1.0046786119773536,0.35873886900163166,0.5008443219009059,reference_only
NSW-Traffic,RAVEN-SimOracle,30020,NOT_COMPARABLE_CROSS_VINTAGE,1.003036774318677,0.3498630277891438,0.47796688367624934,reference_only
U-Air,Central-All,30001,SCI_COMPARABLE_MAIN,1.0872015119577474,,,main
U-Air,Central-All,30002,SCI_COMPARABLE_MAIN,1.0562606314188165,,,main
U-Air,Central-All,30003,SCI_COMPARABLE_MAIN,1.0082967960856013,,,main
U-Air,Central-All,30004,SCI_COMPARABLE_MAIN,1.0307053149539547,,,main
U-Air,Central-All,30005,SCI_COMPARABLE_MAIN,1.0545532465997862,,,main
U-Air,Central-All,30006,SCI_COMPARABLE_MAIN,1.0056082722998898,,,main
U-Air,Central-All,30007,SCI_COMPARABLE_MAIN,1.0633755395783444,,,main
U-Air,Central-All,30008,SCI_COMPARABLE_MAIN,1.1192113992532249,,,main
U-Air,Central-All,30009,SCI_COMPARABLE_MAIN,1.042494340536626,,,main
U-Air,Central-All,30010,SCI_COMPARABLE_MAIN,1.0549587173447246,,,main
U-Air,Central-All,30011,SCI_COMPARABLE_MAIN,1.1729000788207107,,,main
U-Air,Central-All,30012,SCI_COMPARABLE_MAIN,1.0467709768126028,,,main
U-Air,Central-All,30013,SCI_COMPARABLE_MAIN,1.029947688978357,,,main
U-Air,Central-All,30014,SCI_COMPARABLE_MAIN,1.129136370937662,,,main
U-Air,Central-All,30015,SCI_COMPARABLE_MAIN,1.062404737011797,,,main
U-Air,Central-All,30016,SCI_COMPARABLE_MAIN,1.0207326330376567,,,main
U-Air,Central-All,30017,SCI_COMPARABLE_MAIN,1.0213491978934013,,,main
U-Air,Central-All,30018,SCI_COMPARABLE_MAIN,1.1620776825164334,,,main
U-Air,Central-All,30019,SCI_COMPARABLE_MAIN,1.0075252918912094,,,main
U-Air,Central-All,30020,SCI_COMPARABLE_MAIN,0.9359079415437247,,,main
U-Air,Central-Delivered,30001,SCI_COMPARABLE_MAIN,1.327415800209486,,,main
U-Air,Central-Delivered,30002,SCI_COMPARABLE_MAIN,1.1196045403422177,,,main
U-Air,Central-Delivered,30003,SCI_COMPARABLE_MAIN,1.1036580513203382,,,main
U-Air,Central-Delivered,30004,SCI_COMPARABLE_MAIN,1.1815863921140497,,,main
U-Air,Central-Delivered,30005,SCI_COMPARABLE_MAIN,1.1356030434014857,,,main
U-Air,Central-Delivered,30006,SCI_COMPARABLE_MAIN,1.1138818101029482,,,main
U-Air,Central-Delivered,30007,SCI_COMPARABLE_MAIN,1.1501236758685647,,,main
U-Air,Central-Delivered,30008,SCI_COMPARABLE_MAIN,0.999738700188794,,,main
U-Air,Central-Delivered,30009,SCI_COMPARABLE_MAIN,1.2241605899223322,,,main
U-Air,Central-Delivered,30010,SCI_COMPARABLE_MAIN,1.117615597847526,,,main
U-Air,Central-Delivered,30011,SCI_COMPARABLE_MAIN,1.4087317479532686,,,main
U-Air,Central-Delivered,30012,SCI_COMPARABLE_MAIN,1.0566519638039589,,,main
U-Air,Central-Delivered,30013,SCI_COMPARABLE_MAIN,1.1426496912164286,,,main
U-Air,Central-Delivered,30014,SCI_COMPARABLE_MAIN,1.3517861978362347,,,main
U-Air,Central-Delivered,30015,SCI_COMPARABLE_MAIN,1.2128963085760764,,,main
U-Air,Central-Delivered,30016,SCI_COMPARABLE_MAIN,1.112362772000249,,,main
U-Air,Central-Delivered,30017,SCI_COMPARABLE_MAIN,1.2143044212415797,,,main
U-Air,Central-Delivered,30018,SCI_COMPARABLE_MAIN,1.1880704287859774,,,main
U-Air,Central-Delivered,30019,SCI_COMPARABLE_MAIN,1.1977342607759849,,,main
U-Air,Central-Delivered,30020,SCI_COMPARABLE_MAIN,1.2045337901375788,,,main
U-Air,Debt-Cal,30001,SCI_COMPARABLE_MAIN,1.2046684237735026,1.0976980146713262,1.2384816534684695,main
U-Air,Debt-Cal,30002,SCI_COMPARABLE_MAIN,1.1638664039047577,1.1385528026815077,1.277466065148501,main
U-Air,Debt-Cal,30003,SCI_COMPARABLE_MAIN,1.1563654455627905,1.065348858875778,1.2124267145814156,main
U-Air,Debt-Cal,30004,SCI_COMPARABLE_MAIN,1.2357492731617359,1.1259703256154272,1.2653111253821616,main
U-Air,Debt-Cal,30005,SCI_COMPARABLE_MAIN,1.038949014104803,1.1143778033557976,1.2615617266854193,main
U-Air,Debt-Cal,30006,SCI_COMPARABLE_MAIN,1.2795047823122627,1.1592130781459362,1.297842811350958,main
U-Air,Debt-Cal,30007,SCI_COMPARABLE_MAIN,1.1443603420506454,1.079811443502294,1.2318231190345568,main
U-Air,Debt-Cal,30008,SCI_COMPARABLE_MAIN,1.1465167967360246,1.1271978601337682,1.217400444812075,main
U-Air,Debt-Cal,30009,SCI_COMPARABLE_MAIN,1.2188407311223484,1.063409733258379,1.189667818568435,main
U-Air,Debt-Cal,30010,SCI_COMPARABLE_MAIN,1.1977618636710319,1.080770781476889,1.2580492210903613,main
U-Air,Debt-Cal,30011,SCI_COMPARABLE_MAIN,1.1833380390315764,1.1588589148192971,1.2665949593264267,main
U-Air,Debt-Cal,30012,SCI_COMPARABLE_MAIN,1.2771724285872175,1.0097648093346399,1.1877881950749702,main
U-Air,Debt-Cal,30013,SCI_COMPARABLE_MAIN,1.2284788682289685,1.117364877025512,1.2440291002443402,main
U-Air,Debt-Cal,30014,SCI_COMPARABLE_MAIN,1.1073723210255382,1.0939661863100572,1.2258702447636658,main
U-Air,Debt-Cal,30015,SCI_COMPARABLE_MAIN,1.1707615295039573,1.0592913982780348,1.2170867145089161,main
U-Air,Debt-Cal,30016,SCI_COMPARABLE_MAIN,1.1644618391293844,1.033590126641407,1.2258891755064774,main
U-Air,Debt-Cal,30017,SCI_COMPARABLE_MAIN,1.2710084082776063,1.0303967122074602,1.1919171063279828,main
U-Air,Debt-Cal,30018,SCI_COMPARABLE_MAIN,1.1242410101389166,1.0858098125698044,1.2505052634222174,main
U-Air,Debt-Cal,30019,SCI_COMPARABLE_MAIN,1.1687518449181902,1.137381721926694,1.2660667388379925,main
U-Air,Debt-Cal,30020,SCI_COMPARABLE_MAIN,1.30419434330037,1.1732450711095728,1.2742648170492983,main
U-Air,FedAsync-Window,30001,SCI_COMPARABLE_MAIN,1.2104832547499487,1.1147748895438334,1.2490215812968426,main
U-Air,FedAsync-Window,30002,SCI_COMPARABLE_MAIN,1.1492679228748912,1.1557183399916002,1.2945606276500687,main
U-Air,FedAsync-Window,30003,SCI_COMPARABLE_MAIN,1.1606770658974113,1.082015697202814,1.2363182683425156,main
U-Air,FedAsync-Window,30004,SCI_COMPARABLE_MAIN,1.229705002313875,1.1329508851398176,1.280729549817895,main
U-Air,FedAsync-Window,30005,SCI_COMPARABLE_MAIN,1.052452227197689,1.1198972738332256,1.253353397662857,main
U-Air,FedAsync-Window,30006,SCI_COMPARABLE_MAIN,1.2858644723078287,1.196766603909283,1.3261412911327006,main
U-Air,FedAsync-Window,30007,SCI_COMPARABLE_MAIN,1.1456207513485255,1.1210378053732493,1.2568511984088926,main
U-Air,FedAsync-Window,30008,SCI_COMPARABLE_MAIN,1.146271548628807,1.1361835461940357,1.2217826691958646,main
U-Air,FedAsync-Window,30009,SCI_COMPARABLE_MAIN,1.240757559332276,1.1074288582251872,1.2404441083290298,main
U-Air,FedAsync-Window,30010,SCI_COMPARABLE_MAIN,1.1999462581628906,1.095663981909681,1.2835396630801452,main
U-Air,FedAsync-Window,30011,SCI_COMPARABLE_MAIN,1.1394864716286106,1.1826466315090598,1.2864955678384957,main
U-Air,FedAsync-Window,30012,SCI_COMPARABLE_MAIN,1.2755084658093414,1.0423709545396056,1.2179183722549016,main
U-Air,FedAsync-Window,30013,SCI_COMPARABLE_MAIN,1.2230062886569633,1.1582107609314978,1.2861341689126948,main
U-Air,FedAsync-Window,30014,SCI_COMPARABLE_MAIN,1.113113748967413,1.1155425585412009,1.2414585779501133,main
U-Air,FedAsync-Window,30015,SCI_COMPARABLE_MAIN,1.179492166467132,1.0867280135319524,1.2349337713218587,main
U-Air,FedAsync-Window,30016,SCI_COMPARABLE_MAIN,1.1669128570592848,1.0842480689572827,1.2625469360955863,main
U-Air,FedAsync-Window,30017,SCI_COMPARABLE_MAIN,1.2565820182627332,1.0616032052546753,1.2072864393603684,main
U-Air,FedAsync-Window,30018,SCI_COMPARABLE_MAIN,1.1226655702758204,1.1056438924104612,1.275889034391665,main
U-Air,FedAsync-Window,30019,SCI_COMPARABLE_MAIN,1.1622769666720667,1.1701768863281772,1.296370840201623,main
U-Air,FedAsync-Window,30020,SCI_COMPARABLE_MAIN,1.3054982157494621,1.176168074119779,1.2869316638339336,main
U-Air,FedAvg-Window,30001,SCI_COMPARABLE_MAIN,1.210848485707097,1.1131258678428484,1.2480410574750196,main
U-Air,FedAvg-Window,30002,SCI_COMPARABLE_MAIN,1.148046894011529,1.1569223985890646,1.2954327643006889,main
U-Air,FedAvg-Window,30003,SCI_COMPARABLE_MAIN,1.161194237008301,1.080989290037921,1.2356185330009406,main
U-Air,FedAvg-Window,30004,SCI_COMPARABLE_MAIN,1.228098027590181,1.1319057602076465,1.2786177783482366,main
U-Air,FedAvg-Window,30005,SCI_COMPARABLE_MAIN,1.0514352825452589,1.1195898316146127,1.2558402953784535,main
U-Air,FedAvg-Window,30006,SCI_COMPARABLE_MAIN,1.2856115928072611,1.1951358777035557,1.3261103949373023,main
U-Air,FedAvg-Window,30007,SCI_COMPARABLE_MAIN,1.145169945124245,1.1215154237795741,1.2564168912848157,main
U-Air,FedAvg-Window,30008,SCI_COMPARABLE_MAIN,1.1454328421481683,1.1361964660077861,1.2222044666923373,main
U-Air,FedAvg-Window,30009,SCI_COMPARABLE_MAIN,1.2399037087522033,1.1069862483777573,1.2403882150344414,main
U-Air,FedAvg-Window,30010,SCI_COMPARABLE_MAIN,1.1995863606376442,1.0954211643023755,1.283189915172376,main
U-Air,FedAvg-Window,30011,SCI_COMPARABLE_MAIN,1.1397307099841747,1.1814603748566008,1.2856964781493083,main
U-Air,FedAvg-Window,30012,SCI_COMPARABLE_MAIN,1.2767280324504147,1.0400328137817878,1.2182565725223642,main
U-Air,FedAvg-Window,30013,SCI_COMPARABLE_MAIN,1.2226165037335681,1.157981847525872,1.287803650460883,main
U-Air,FedAvg-Window,30014,SCI_COMPARABLE_MAIN,1.113622623069171,1.116756954354068,1.2438093476384264,main
U-Air,FedAvg-Window,30015,SCI_COMPARABLE_MAIN,1.1799038227524796,1.0868882899071572,1.2354800838574422,main
U-Air,FedAvg-Window,30016,SCI_COMPARABLE_MAIN,1.1675261739713565,1.082762178627883,1.262795827307481,main
U-Air,FedAvg-Window,30017,SCI_COMPARABLE_MAIN,1.2575098519652441,1.0610427765755956,1.2071196571462317,main
U-Air,FedAvg-Window,30018,SCI_COMPARABLE_MAIN,1.1236196178023923,1.1049589961770867,1.2762131582192624,main
U-Air,FedAvg-Window,30019,SCI_COMPARABLE_MAIN,1.1626236903531288,1.1709545629024762,1.2962672355842697,main
U-Air,FedAvg-Window,30020,SCI_COMPARABLE_MAIN,1.3055460107470265,1.174604458135455,1.2873293971676723,main
U-Air,TimeAlign-Agg,30001,SCI_COMPARABLE_MAIN,1.2117373462364651,1.115339377603528,1.2515171934983256,main
U-Air,TimeAlign-Agg,30002,SCI_COMPARABLE_MAIN,1.1527875420077456,1.157407407407407,1.2961106743535988,main
U-Air,TimeAlign-Agg,30003,SCI_COMPARABLE_MAIN,1.1605569450706104,1.0809861264020175,1.2365575001370908,main
U-Air,TimeAlign-Agg,30004,SCI_COMPARABLE_MAIN,1.2223987246623145,1.1346710591993605,1.2813830773399506,main
U-Air,TimeAlign-Agg,30005,SCI_COMPARABLE_MAIN,1.0510266114238562,1.11809729430118,1.25658656403517,main
U-Air,TimeAlign-Agg,30006,SCI_COMPARABLE_MAIN,1.2841747485282498,1.195618969490995,1.3265934867247418,main
U-Air,TimeAlign-Agg,30007,SCI_COMPARABLE_MAIN,1.1455532926761858,1.1215154237795741,1.256416891284816,main
U-Air,TimeAlign-Agg,30008,SCI_COMPARABLE_MAIN,1.1453412988736527,1.1355161938989426,1.2245854190732897,main
U-Air,TimeAlign-Agg,30009,SCI_COMPARABLE_MAIN,1.2399990512112231,1.1088050314465403,1.2422069981032244,main
U-Air,TimeAlign-Agg,30010,SCI_COMPARABLE_MAIN,1.2034044093535865,1.0914273903378335,1.2810740754801344,main
U-Air,TimeAlign-Agg,30011,SCI_COMPARABLE_MAIN,1.1404366239043828,1.1806545825413743,1.2832851719644172,main
U-Air,TimeAlign-Agg,30012,SCI_COMPARABLE_MAIN,1.2751724049571993,1.040980767477896,1.2187214344310324,main
U-Air,TimeAlign-Agg,30013,SCI_COMPARABLE_MAIN,1.2239564256303403,1.1580590080196993,1.2920860578682904,main
U-Air,TimeAlign-Agg,30014,SCI_COMPARABLE_MAIN,1.1145037606560415,1.1151229674259635,1.2447897397952892,main
U-Air,TimeAlign-Agg,30015,SCI_COMPARABLE_MAIN,1.1794658878885447,1.086729559748427,1.2353213536987122,main
U-Air,TimeAlign-Agg,30016,SCI_COMPARABLE_MAIN,1.1691138681400082,1.084154150510976,1.264187799190574,main
U-Air,TimeAlign-Agg,30017,SCI_COMPARABLE_MAIN,1.2573104500252141,1.061348652233584,1.2055658900995068,main
U-Air,TimeAlign-Agg,30018,SCI_COMPARABLE_MAIN,1.1242311038660824,1.1042237020594396,1.2758980321688422,main
U-Air,TimeAlign-Agg,30019,SCI_COMPARABLE_MAIN,1.1628913993894077,1.1694913717103455,1.2954207424842556,main
U-Air,TimeAlign-Agg,30020,SCI_COMPARABLE_MAIN,1.3046303163410498,1.175359175116587,1.292097719590981,main
U-Air,Inst-Cal,30001,SCI_COMPARABLE_MAIN,1.2019322895005042,1.0832890202825283,1.210266779010801,main
U-Air,Inst-Cal,30002,SCI_COMPARABLE_MAIN,1.1645958149530975,1.1419619757042918,1.280858107963316,main
U-Air,Inst-Cal,30003,SCI_COMPARABLE_MAIN,1.1619747145963861,1.0646290774137666,1.2131917294458991,main
U-Air,Inst-Cal,30004,SCI_COMPARABLE_MAIN,1.2428498801665546,1.1158200072888578,1.2528268602770993,main
U-Air,Inst-Cal,30005,SCI_COMPARABLE_MAIN,1.0405800255300697,1.1034691915895913,1.2553095556805494,main
U-Air,Inst-Cal,30006,SCI_COMPARABLE_MAIN,1.2828086926494624,1.1613501135197621,1.2906403802065305,main
U-Air,Inst-Cal,30007,SCI_COMPARABLE_MAIN,1.1424862016576702,1.0882147407904448,1.2318238637839762,main
U-Air,Inst-Cal,30008,SCI_COMPARABLE_MAIN,1.1466863898639095,1.1252320763632562,1.2118900789113853,main
U-Air,Inst-Cal,30009,SCI_COMPARABLE_MAIN,1.2207590584018164,1.060300346781256,1.183282321645521,main
U-Air,Inst-Cal,30010,SCI_COMPARABLE_MAIN,1.1977206861882537,1.0744863907652686,1.2506722861476587,main
U-Air,Inst-Cal,30011,SCI_COMPARABLE_MAIN,1.177974781418579,1.152572784799928,1.2631400694882973,main
U-Air,Inst-Cal,30012,SCI_COMPARABLE_MAIN,1.284894002455276,0.996731487141179,1.1809140996818233,main
U-Air,Inst-Cal,30013,SCI_COMPARABLE_MAIN,1.2287059316780231,1.10727390086487,1.2293476055653976,main
U-Air,Inst-Cal,30014,SCI_COMPARABLE_MAIN,1.1126936749571943,1.0864047597215711,1.223968283855648,main
U-Air,Inst-Cal,30015,SCI_COMPARABLE_MAIN,1.1736717870151723,1.054130807031481,1.2154830142851965,main
U-Air,Inst-Cal,30016,SCI_COMPARABLE_MAIN,1.1708996167456915,1.0359056745899995,1.2268315487415618,main
U-Air,Inst-Cal,30017,SCI_COMPARABLE_MAIN,1.269037768365164,1.0152484725224975,1.1825255426501595,main
U-Air,Inst-Cal,30018,SCI_COMPARABLE_MAIN,1.1253600447951442,1.0716794194376535,1.2329029214533518,main
U-Air,Inst-Cal,30019,SCI_COMPARABLE_MAIN,1.1690496153210677,1.1390317156149776,1.2622494959066317,main
U-Air,Inst-Cal,30020,SCI_COMPARABLE_MAIN,1.3077712258585357,1.1704473631829009,1.2702595252921478,main
U-Air,Local-Hajek,30001,SCI_COMPARABLE_MAIN,1.210848485707097,1.1131258678428484,1.2480410574750196,main
U-Air,Local-Hajek,30002,SCI_COMPARABLE_MAIN,1.148046894011529,1.1569223985890646,1.2954327643006889,main
U-Air,Local-Hajek,30003,SCI_COMPARABLE_MAIN,1.161194237008301,1.080989290037921,1.2356185330009408,main
U-Air,Local-Hajek,30004,SCI_COMPARABLE_MAIN,1.228098027590181,1.1319057602076465,1.2786177783482366,main
U-Air,Local-Hajek,30005,SCI_COMPARABLE_MAIN,1.0514352825452589,1.1195898316146127,1.2558402953784535,main
U-Air,Local-Hajek,30006,SCI_COMPARABLE_MAIN,1.2856115928072611,1.1951358777035557,1.3261103949373023,main
U-Air,Local-Hajek,30007,SCI_COMPARABLE_MAIN,1.145169945124245,1.1215154237795741,1.2564168912848157,main
U-Air,Local-Hajek,30008,SCI_COMPARABLE_MAIN,1.1454328421481683,1.1361964660077861,1.2222044666923373,main
U-Air,Local-Hajek,30009,SCI_COMPARABLE_MAIN,1.2399037087522033,1.1069862483777573,1.2403882150344414,main
U-Air,Local-Hajek,30010,SCI_COMPARABLE_MAIN,1.1995863606376442,1.0954211643023755,1.2831899151723758,main
U-Air,Local-Hajek,30011,SCI_COMPARABLE_MAIN,1.1397307099841747,1.1814603748566008,1.2856964781493083,main
U-Air,Local-Hajek,30012,SCI_COMPARABLE_MAIN,1.2767280324504147,1.0400328137817878,1.2182565725223642,main
U-Air,Local-Hajek,30013,SCI_COMPARABLE_MAIN,1.2226165037335681,1.157981847525872,1.287803650460883,main
U-Air,Local-Hajek,30014,SCI_COMPARABLE_MAIN,1.113622623069171,1.116756954354068,1.2438093476384264,main
U-Air,Local-Hajek,30015,SCI_COMPARABLE_MAIN,1.1799038227524796,1.0868882899071572,1.2354800838574422,main
U-Air,Local-Hajek,30016,SCI_COMPARABLE_MAIN,1.1675261739713565,1.082762178627883,1.262795827307481,main
U-Air,Local-Hajek,30017,SCI_COMPARABLE_MAIN,1.2575098519652441,1.0610427765755956,1.2071196571462317,main
U-Air,Local-Hajek,30018,SCI_COMPARABLE_MAIN,1.1236196178023923,1.1049589961770867,1.2762131582192624,main
U-Air,Local-Hajek,30019,SCI_COMPARABLE_MAIN,1.1626236903531288,1.1709545629024762,1.2962672355842697,main
U-Air,Local-Hajek,30020,SCI_COMPARABLE_MAIN,1.3055460107470265,1.174604458135455,1.2873293971676723,main
U-Air,RAVEN-MCS,30001,SCI_COMPARABLE_MAIN,1.201716880706229,1.0832400542605098,1.210200108193248,main
U-Air,RAVEN-MCS,30002,SCI_COMPARABLE_MAIN,1.1645943072006388,1.1419144762116376,1.280814468536711,main
U-Air,RAVEN-MCS,30003,SCI_COMPARABLE_MAIN,1.1619873834476435,1.0645715834318952,1.2131507627760136,main
U-Air,RAVEN-MCS,30004,SCI_COMPARABLE_MAIN,1.2428815046060808,1.1157974352873121,1.2528027828397736,main
U-Air,RAVEN-MCS,30005,SCI_COMPARABLE_MAIN,1.0405807764916069,1.103449537936327,1.2553000139173718,main
U-Air,RAVEN-MCS,30006,SCI_COMPARABLE_MAIN,1.282805286799776,1.1613306101903427,1.2906091382830018,main
U-Air,RAVEN-MCS,30007,SCI_COMPARABLE_MAIN,1.1424870864095478,1.0882097408685314,1.2318238779796242,main
U-Air,RAVEN-MCS,30008,SCI_COMPARABLE_MAIN,1.1466794943773104,1.1251526552428417,1.2118566810200013,main
U-Air,RAVEN-MCS,30009,SCI_COMPARABLE_MAIN,1.2207150670090248,1.0602596914731355,1.1832689538984735,main
U-Air,RAVEN-MCS,30010,SCI_COMPARABLE_MAIN,1.197701590186744,1.0744274398716298,1.2506460898677774,main
U-Air,RAVEN-MCS,30011,SCI_COMPARABLE_MAIN,1.1779852145406005,1.152555055977571,1.263140568067219,main
U-Air,RAVEN-MCS,30012,SCI_COMPARABLE_MAIN,1.284919208384505,0.9966702306831035,1.1808862391916142,main
U-Air,RAVEN-MCS,30013,SCI_COMPARABLE_MAIN,1.2287275802065145,1.1071954035812943,1.2293024969233468,main
U-Air,RAVEN-MCS,30014,SCI_COMPARABLE_MAIN,1.1126941270224129,1.0863720568685775,1.223947842235467,main
U-Air,RAVEN-MCS,30015,SCI_COMPARABLE_MAIN,1.1736537940665062,1.0540865190102369,1.2154708190636692,main
U-Air,RAVEN-MCS,30016,SCI_COMPARABLE_MAIN,1.1709258951551238,1.0358379693173898,1.226789846122231,main
U-Air,RAVEN-MCS,30017,SCI_COMPARABLE_MAIN,1.2690429357601385,1.0151380854627368,1.1824373037459939,main
U-Air,RAVEN-MCS,30018,SCI_COMPARABLE_MAIN,1.125360082508588,1.071613423619417,1.2328574841131075,main
U-Air,RAVEN-MCS,30019,SCI_COMPARABLE_MAIN,1.169070018139858,1.1389995318693815,1.2622375657345906,main
U-Air,RAVEN-MCS,30020,SCI_COMPARABLE_MAIN,1.3077502590008703,1.1704169958264568,1.2702515539527317,main
U-Air,RAVEN-SimOracle,30001,SCI_COMPARABLE_MAIN,1.1968560479817063,1.0884053153994055,1.2216671872860538,main
U-Air,RAVEN-SimOracle,30002,SCI_COMPARABLE_MAIN,1.1746650115253008,1.1365165860208846,1.2779301224976591,main
U-Air,RAVEN-SimOracle,30003,SCI_COMPARABLE_MAIN,1.1624563509099164,1.0604634373726642,1.2071890107532894,main
U-Air,RAVEN-SimOracle,30004,SCI_COMPARABLE_MAIN,1.2382245978281332,1.116038774784848,1.255484921904326,main
U-Air,RAVEN-SimOracle,30005,SCI_COMPARABLE_MAIN,1.0405565896786406,1.1040569048449125,1.2604896500041256,main
U-Air,RAVEN-SimOracle,30006,SCI_COMPARABLE_MAIN,1.2836740884863933,1.1572801745548547,1.285129937077016,main
U-Air,RAVEN-SimOracle,30007,SCI_COMPARABLE_MAIN,1.1423602745190928,1.0885884702160977,1.2318238436253588,main
U-Air,RAVEN-SimOracle,30008,SCI_COMPARABLE_MAIN,1.1457669022472075,1.1269931477624269,1.213250643038729,main
U-Air,RAVEN-SimOracle,30009,SCI_COMPARABLE_MAIN,1.2224107329953917,1.0595390916651457,1.1823652890817107,main
U-Air,RAVEN-SimOracle,30010,SCI_COMPARABLE_MAIN,1.1960859345743622,1.076518006106733,1.2509591898657153,main
U-Air,RAVEN-SimOracle,30011,SCI_COMPARABLE_MAIN,1.1790908132881848,1.1506270073783986,1.2631786572604478,main
U-Air,RAVEN-SimOracle,30012,SCI_COMPARABLE_MAIN,1.2854385604578165,0.9891215084759273,1.175125364798071,main
U-Air,RAVEN-SimOracle,30013,SCI_COMPARABLE_MAIN,1.2303449107252358,1.107985684950659,1.2327952633443713,main
U-Air,RAVEN-SimOracle,30014,SCI_COMPARABLE_MAIN,1.1108851248274234,1.0869798848855359,1.2252477757066327,main
U-Air,RAVEN-SimOracle,30015,SCI_COMPARABLE_MAIN,1.171520373221301,1.0591059651330075,1.221069783903306,main
U-Air,RAVEN-SimOracle,30016,SCI_COMPARABLE_MAIN,1.173174230829956,1.037266112878199,1.2280225938007368,main
U-Air,RAVEN-SimOracle,30017,SCI_COMPARABLE_MAIN,1.267818226742741,1.0128350592139705,1.1785582699501795,main
U-Air,RAVEN-SimOracle,30018,SCI_COMPARABLE_MAIN,1.1287692568820993,1.0717142660588745,1.235617323421166,main
U-Air,RAVEN-SimOracle,30019,SCI_COMPARABLE_MAIN,1.1717824299695927,1.1414400878032684,1.2668439163145369,main
U-Air,RAVEN-SimOracle,30020,SCI_COMPARABLE_MAIN,1.3070556862887939,1.171945072065893,1.271067253828016,main
U-Air,TwoStage-Hajek,30001,SCI_COMPARABLE_MAIN,1.2360634846030303,1.1390436962294088,1.2178891654367376,main
U-Air,TwoStage-Hajek,30002,SCI_COMPARABLE_MAIN,1.1763102894870445,1.171528960474366,1.285740721649323,main
U-Air,TwoStage-Hajek,30003,SCI_COMPARABLE_MAIN,1.1744549882329776,1.0635011690096206,1.2085234211878513,main
U-Air,TwoStage-Hajek,30004,SCI_COMPARABLE_MAIN,1.256501938269967,1.1392638739420824,1.2431432202092516,main
U-Air,TwoStage-Hajek,30005,SCI_COMPARABLE_MAIN,1.067967830393859,1.1199843552382012,1.2492408107114295,main
U-Air,TwoStage-Hajek,30006,SCI_COMPARABLE_MAIN,1.3403906628558586,1.1817402898212945,1.2855360526071364,main
U-Air,TwoStage-Hajek,30007,SCI_COMPARABLE_MAIN,1.1441802550200664,1.1321050672673096,1.245339193280425,main
U-Air,TwoStage-Hajek,30008,SCI_COMPARABLE_MAIN,1.1588973456574403,1.1565157805600124,1.2218351481676861,main
U-Air,TwoStage-Hajek,30009,SCI_COMPARABLE_MAIN,1.2429222401366435,1.110557333511034,1.2176357353733098,main
U-Air,TwoStage-Hajek,30010,SCI_COMPARABLE_MAIN,1.2159404170359989,1.0824378852952494,1.2587923645427372,main
U-Air,TwoStage-Hajek,30011,SCI_COMPARABLE_MAIN,1.181795477006761,1.1619615170936586,1.2550475056190422,main
U-Air,TwoStage-Hajek,30012,SCI_COMPARABLE_MAIN,1.3245624450320033,1.0494496378470388,1.1920285591836977,main
U-Air,TwoStage-Hajek,30013,SCI_COMPARABLE_MAIN,1.2451591129552007,1.1058767190821288,1.2255793824057808,main
U-Air,TwoStage-Hajek,30014,SCI_COMPARABLE_MAIN,1.1411921001650667,1.1114847105774028,1.2354987502471995,main
U-Air,TwoStage-Hajek,30015,SCI_COMPARABLE_MAIN,1.2133331817676518,1.0922340023640023,1.2334573793618615,main
U-Air,TwoStage-Hajek,30016,SCI_COMPARABLE_MAIN,1.2242075631780656,1.0764772653590884,1.233011896081925,main
U-Air,TwoStage-Hajek,30017,SCI_COMPARABLE_MAIN,1.3035876184484945,1.0612872845229209,1.1969057960845433,main
U-Air,TwoStage-Hajek,30018,SCI_COMPARABLE_MAIN,1.1286332988862726,1.0673296771344973,1.2274196473729009,main
U-Air,TwoStage-Hajek,30019,SCI_COMPARABLE_MAIN,1.2240637060591992,1.1826094165240681,1.2859146518762796,main
U-Air,TwoStage-Hajek,30020,SCI_COMPARABLE_MAIN,1.3190601021094261,1.1867407980008764,1.2932179302119091,main
NSW-Traffic,FedAvg-Window,30001,NOT_COMPARABLE_CROSS_VINTAGE,1.0063766454710172,-0.01574876756981025,,reference_only
NSW-Traffic,FedAsync-Window,30001,NOT_COMPARABLE_CROSS_VINTAGE,1.006366411776899,-0.015727818150034212,,reference_only
NSW-Traffic,TimeAlign-Agg,30001,NOT_COMPARABLE_CROSS_VINTAGE,1.0060037417794876,-0.014511833960223486,,reference_only
NSW-Traffic,TwoStage-Hajek,30001,NOT_COMPARABLE_CROSS_VINTAGE,1.0061024541657253,-0.014905015897720864,,reference_only
NSW-Traffic,RAVEN-MCS,30001,NOT_COMPARABLE_CROSS_VINTAGE,1.0063108818961106,-0.014935581578855661,,reference_only
NSW-Traffic,FedAvg-Window,30002,NOT_COMPARABLE_CROSS_VINTAGE,1.0067362298694957,-0.03812544677172913,,reference_only
NSW-Traffic,FedAsync-Window,30002,NOT_COMPARABLE_CROSS_VINTAGE,1.0067031576974814,-0.038146543807363154,,reference_only
NSW-Traffic,TimeAlign-Agg,30002,NOT_COMPARABLE_CROSS_VINTAGE,1.006597437295504,-0.03818685911024122,,reference_only
NSW-Traffic,TwoStage-Hajek,30002,NOT_COMPARABLE_CROSS_VINTAGE,1.0068152772510321,-0.03810143835594215,,reference_only
NSW-Traffic,RAVEN-MCS,30002,NOT_COMPARABLE_CROSS_VINTAGE,1.0061573080143922,-0.038557890044518484,,reference_only
NSW-Traffic,FedAvg-Window,30003,NOT_COMPARABLE_CROSS_VINTAGE,1.0067793683150728,-0.04911107838143969,,reference_only
NSW-Traffic,FedAsync-Window,30003,NOT_COMPARABLE_CROSS_VINTAGE,1.0068099866863154,-0.04912682898099652,,reference_only
NSW-Traffic,TimeAlign-Agg,30003,NOT_COMPARABLE_CROSS_VINTAGE,1.0065574125396708,-0.04894506824370848,,reference_only
NSW-Traffic,TwoStage-Hajek,30003,NOT_COMPARABLE_CROSS_VINTAGE,1.0067897495306504,-0.04912706821739499,,reference_only
NSW-Traffic,RAVEN-MCS,30003,NOT_COMPARABLE_CROSS_VINTAGE,1.007060507835651,-0.04924094931592493,,reference_only
NSW-Traffic,FedAvg-Window,30004,NOT_COMPARABLE_CROSS_VINTAGE,1.0047460430234156,-0.009147362940737924,,reference_only
NSW-Traffic,FedAsync-Window,30004,NOT_COMPARABLE_CROSS_VINTAGE,1.004769650949751,-0.0092807385831013,,reference_only
NSW-Traffic,TimeAlign-Agg,30004,NOT_COMPARABLE_CROSS_VINTAGE,1.0047155731860353,-0.008735291668520162,,reference_only
NSW-Traffic,TwoStage-Hajek,30004,NOT_COMPARABLE_CROSS_VINTAGE,1.0048995575489392,-0.007663366635463964,,reference_only
NSW-Traffic,RAVEN-MCS,30004,NOT_COMPARABLE_CROSS_VINTAGE,1.0051521255107176,-0.007663129468425067,,reference_only
NSW-Traffic,FedAvg-Window,30005,NOT_COMPARABLE_CROSS_VINTAGE,1.0063359489404318,-0.03781913988670449,,reference_only
NSW-Traffic,FedAsync-Window,30005,NOT_COMPARABLE_CROSS_VINTAGE,1.0063373633795123,-0.03780152904820566,,reference_only
NSW-Traffic,TimeAlign-Agg,30005,NOT_COMPARABLE_CROSS_VINTAGE,1.006407955809802,-0.037974497728664014,,reference_only
NSW-Traffic,TwoStage-Hajek,30005,NOT_COMPARABLE_CROSS_VINTAGE,1.0064734492749572,-0.037961198878829316,,reference_only
NSW-Traffic,RAVEN-MCS,30005,NOT_COMPARABLE_CROSS_VINTAGE,1.006477620281587,-0.037857777284141525,,reference_only
NSW-Traffic,FedAvg-Window,30006,NOT_COMPARABLE_CROSS_VINTAGE,1.0033261954821864,-0.035620364563102136,,reference_only
NSW-Traffic,FedAsync-Window,30006,NOT_COMPARABLE_CROSS_VINTAGE,1.0032638215350098,-0.035559087644819964,,reference_only
NSW-Traffic,TimeAlign-Agg,30006,NOT_COMPARABLE_CROSS_VINTAGE,1.005410701960607,-0.03689076219074594,,reference_only
NSW-Traffic,TwoStage-Hajek,30006,NOT_COMPARABLE_CROSS_VINTAGE,1.0031195063221816,-0.03535415284658172,,reference_only
NSW-Traffic,RAVEN-MCS,30006,NOT_COMPARABLE_CROSS_VINTAGE,1.001844070491837,-0.034357359869316983,,reference_only
NSW-Traffic,FedAvg-Window,30007,NOT_COMPARABLE_CROSS_VINTAGE,1.0063137874550374,0.005507795570759866,,reference_only
NSW-Traffic,FedAsync-Window,30007,NOT_COMPARABLE_CROSS_VINTAGE,1.0063032342588907,0.005416908122264363,,reference_only
NSW-Traffic,TimeAlign-Agg,30007,NOT_COMPARABLE_CROSS_VINTAGE,1.0062129661775463,0.00447623499555827,,reference_only
NSW-Traffic,TwoStage-Hajek,30007,NOT_COMPARABLE_CROSS_VINTAGE,1.006183232538186,0.004044853309347118,,reference_only
NSW-Traffic,RAVEN-MCS,30007,NOT_COMPARABLE_CROSS_VINTAGE,1.0063643479128541,0.004996224212588052,,reference_only
NSW-Traffic,FedAvg-Window,30008,NOT_COMPARABLE_CROSS_VINTAGE,1.006353565315305,-0.01114763586737566,,reference_only
NSW-Traffic,FedAsync-Window,30008,NOT_COMPARABLE_CROSS_VINTAGE,1.0063570842920317,-0.011249720977227984,,reference_only
NSW-Traffic,TimeAlign-Agg,30008,NOT_COMPARABLE_CROSS_VINTAGE,1.0064478282198004,-0.011699205962000692,,reference_only
NSW-Traffic,TwoStage-Hajek,30008,NOT_COMPARABLE_CROSS_VINTAGE,1.0062990454168068,-0.011097215873813404,,reference_only
NSW-Traffic,RAVEN-MCS,30008,NOT_COMPARABLE_CROSS_VINTAGE,1.006413284503969,-0.012525014048952565,,reference_only
NSW-Traffic,FedAvg-Window,30009,NOT_COMPARABLE_CROSS_VINTAGE,1.006236771135375,-0.010092817166258872,,reference_only
NSW-Traffic,FedAsync-Window,30009,NOT_COMPARABLE_CROSS_VINTAGE,1.0062291778445713,-0.010103491116746799,,reference_only
NSW-Traffic,TimeAlign-Agg,30009,NOT_COMPARABLE_CROSS_VINTAGE,1.0062199788986506,-0.009999850612893768,,reference_only
NSW-Traffic,TwoStage-Hajek,30009,NOT_COMPARABLE_CROSS_VINTAGE,1.0060735475576434,-0.010337661916381302,,reference_only
NSW-Traffic,RAVEN-MCS,30009,NOT_COMPARABLE_CROSS_VINTAGE,1.00598122544216,-0.010098446129140015,,reference_only
NSW-Traffic,FedAvg-Window,30010,NOT_COMPARABLE_CROSS_VINTAGE,1.0063845944032692,-0.022595416858105066,,reference_only
NSW-Traffic,FedAsync-Window,30010,NOT_COMPARABLE_CROSS_VINTAGE,1.00642656163345,-0.022651585276387998,,reference_only
NSW-Traffic,TimeAlign-Agg,30010,NOT_COMPARABLE_CROSS_VINTAGE,1.0061786873264407,-0.022374329348014754,,reference_only
NSW-Traffic,TwoStage-Hajek,30010,NOT_COMPARABLE_CROSS_VINTAGE,1.0072077762344993,-0.023254287811867558,,reference_only
NSW-Traffic,RAVEN-MCS,30010,NOT_COMPARABLE_CROSS_VINTAGE,1.006494747527861,-0.02273501258794708,,reference_only
NSW-Traffic,FedAvg-Window,30011,NOT_COMPARABLE_CROSS_VINTAGE,1.0052167534393281,0.013074557503780282,,reference_only
NSW-Traffic,FedAsync-Window,30011,NOT_COMPARABLE_CROSS_VINTAGE,1.0052514429655877,0.013197456312207256,,reference_only
NSW-Traffic,TimeAlign-Agg,30011,NOT_COMPARABLE_CROSS_VINTAGE,1.0046121476463883,0.011283485766115264,,reference_only
NSW-Traffic,TwoStage-Hajek,30011,NOT_COMPARABLE_CROSS_VINTAGE,1.0047252911996987,0.011735869141135558,,reference_only
NSW-Traffic,RAVEN-MCS,30011,NOT_COMPARABLE_CROSS_VINTAGE,1.00516381652944,0.013451920120469363,,reference_only
NSW-Traffic,FedAvg-Window,30012,NOT_COMPARABLE_CROSS_VINTAGE,1.0044469076122913,-0.007843881003400499,,reference_only
NSW-Traffic,FedAsync-Window,30012,NOT_COMPARABLE_CROSS_VINTAGE,1.0044445279075898,-0.007782172650288244,,reference_only
NSW-Traffic,TimeAlign-Agg,30012,NOT_COMPARABLE_CROSS_VINTAGE,1.004363046615105,-0.007860158599781952,,reference_only
NSW-Traffic,TwoStage-Hajek,30012,NOT_COMPARABLE_CROSS_VINTAGE,1.0046708548920251,-0.009520432913473265,,reference_only
NSW-Traffic,RAVEN-MCS,30012,NOT_COMPARABLE_CROSS_VINTAGE,1.0044674669302502,-0.008560115483644326,,reference_only
NSW-Traffic,FedAvg-Window,30013,NOT_COMPARABLE_CROSS_VINTAGE,0.9971107207734565,-0.040360227740630195,,reference_only
NSW-Traffic,FedAsync-Window,30013,NOT_COMPARABLE_CROSS_VINTAGE,0.9971333320495561,-0.04035933821406057,,reference_only
NSW-Traffic,TimeAlign-Agg,30013,NOT_COMPARABLE_CROSS_VINTAGE,0.9969165166350917,-0.040288489996329835,,reference_only
NSW-Traffic,TwoStage-Hajek,30013,NOT_COMPARABLE_CROSS_VINTAGE,0.997162507005602,-0.04035850155842913,,reference_only
NSW-Traffic,RAVEN-MCS,30013,NOT_COMPARABLE_CROSS_VINTAGE,0.9972316543952,-0.04030474184368171,,reference_only
NSW-Traffic,FedAvg-Window,30014,NOT_COMPARABLE_CROSS_VINTAGE,1.0024015679126128,-0.040447884323426386,,reference_only
NSW-Traffic,FedAsync-Window,30014,NOT_COMPARABLE_CROSS_VINTAGE,1.002332587374817,-0.04046250062809298,,reference_only
NSW-Traffic,TimeAlign-Agg,30014,NOT_COMPARABLE_CROSS_VINTAGE,1.0022259978467267,-0.04044871987667986,,reference_only
NSW-Traffic,TwoStage-Hajek,30014,NOT_COMPARABLE_CROSS_VINTAGE,1.0025157992920266,-0.04036865037274251,,reference_only
NSW-Traffic,RAVEN-MCS,30014,NOT_COMPARABLE_CROSS_VINTAGE,1.0019979938173822,-0.04048270776364804,,reference_only
NSW-Traffic,FedAvg-Window,30015,NOT_COMPARABLE_CROSS_VINTAGE,1.0048276995655292,-0.046338166448185225,,reference_only
NSW-Traffic,FedAsync-Window,30015,NOT_COMPARABLE_CROSS_VINTAGE,1.0048050573440124,-0.04633708510509016,,reference_only
NSW-Traffic,TimeAlign-Agg,30015,NOT_COMPARABLE_CROSS_VINTAGE,1.0045846819410151,-0.04597175224675509,,reference_only
NSW-Traffic,TwoStage-Hajek,30015,NOT_COMPARABLE_CROSS_VINTAGE,1.0049100622603495,-0.046416225178842474,,reference_only
NSW-Traffic,RAVEN-MCS,30015,NOT_COMPARABLE_CROSS_VINTAGE,1.004498950147537,-0.04634899179641505,,reference_only
NSW-Traffic,FedAvg-Window,30016,NOT_COMPARABLE_CROSS_VINTAGE,1.0066471333919733,-0.06870060902362818,,reference_only
NSW-Traffic,FedAsync-Window,30016,NOT_COMPARABLE_CROSS_VINTAGE,1.006524303262093,-0.0686333508082142,,reference_only
NSW-Traffic,TimeAlign-Agg,30016,NOT_COMPARABLE_CROSS_VINTAGE,1.006713372971257,-0.06871715665312972,,reference_only
NSW-Traffic,TwoStage-Hajek,30016,NOT_COMPARABLE_CROSS_VINTAGE,1.0079790460490534,-0.06945658115090936,,reference_only
NSW-Traffic,RAVEN-MCS,30016,NOT_COMPARABLE_CROSS_VINTAGE,1.0078385672490378,-0.06935696199969277,,reference_only
NSW-Traffic,FedAvg-Window,30017,NOT_COMPARABLE_CROSS_VINTAGE,1.005920147234757,-0.015789665764517347,,reference_only
NSW-Traffic,FedAsync-Window,30017,NOT_COMPARABLE_CROSS_VINTAGE,1.0058857404201382,-0.01588610644449817,,reference_only
NSW-Traffic,TimeAlign-Agg,30017,NOT_COMPARABLE_CROSS_VINTAGE,1.0056961240429707,-0.016417330979821454,,reference_only
NSW-Traffic,TwoStage-Hajek,30017,NOT_COMPARABLE_CROSS_VINTAGE,1.005921659013991,-0.015874059068164525,,reference_only
NSW-Traffic,RAVEN-MCS,30017,NOT_COMPARABLE_CROSS_VINTAGE,1.00604225955441,-0.016012993326330438,,reference_only
NSW-Traffic,FedAvg-Window,30018,NOT_COMPARABLE_CROSS_VINTAGE,1.0037858564777622,-0.04660832786019453,,reference_only
NSW-Traffic,FedAsync-Window,30018,NOT_COMPARABLE_CROSS_VINTAGE,1.0038007171136047,-0.046614165424701204,,reference_only
NSW-Traffic,TimeAlign-Agg,30018,NOT_COMPARABLE_CROSS_VINTAGE,1.0036130515112274,-0.04656043252621611,,reference_only
NSW-Traffic,TwoStage-Hajek,30018,NOT_COMPARABLE_CROSS_VINTAGE,1.0035040925721133,-0.046545858093145265,,reference_only
NSW-Traffic,RAVEN-MCS,30018,NOT_COMPARABLE_CROSS_VINTAGE,1.0035815661061724,-0.046569105094159235,,reference_only
NSW-Traffic,FedAvg-Window,30019,NOT_COMPARABLE_CROSS_VINTAGE,1.0055478415444203,-0.008537863002444857,,reference_only
NSW-Traffic,FedAsync-Window,30019,NOT_COMPARABLE_CROSS_VINTAGE,1.0055336644610726,-0.008539081904722634,,reference_only
NSW-Traffic,TimeAlign-Agg,30019,NOT_COMPARABLE_CROSS_VINTAGE,1.0052533431802866,-0.008448730726584808,,reference_only
NSW-Traffic,TwoStage-Hajek,30019,NOT_COMPARABLE_CROSS_VINTAGE,1.0054373906645984,-0.008455342399939392,,reference_only
NSW-Traffic,RAVEN-MCS,30019,NOT_COMPARABLE_CROSS_VINTAGE,1.005498434956623,-0.008513109022606491,,reference_only
NSW-Traffic,FedAvg-Window,30020,NOT_COMPARABLE_CROSS_VINTAGE,1.0043431730736276,-0.022200681870319317,,reference_only
NSW-Traffic,FedAsync-Window,30020,NOT_COMPARABLE_CROSS_VINTAGE,1.0043604744646084,-0.022168811465189897,,reference_only
NSW-Traffic,TimeAlign-Agg,30020,NOT_COMPARABLE_CROSS_VINTAGE,1.0038433084193608,-0.023583157534173393,,reference_only
NSW-Traffic,TwoStage-Hajek,30020,NOT_COMPARABLE_CROSS_VINTAGE,1.004183686612117,-0.022347667925103565,,reference_only
NSW-Traffic,RAVEN-MCS,30020,NOT_COMPARABLE_CROSS_VINTAGE,1.004702945067273,-0.02165406769550371,,reference_only
