dataset,method,seed,RMSE_mu,WorstGroupRMSE,Delta_group,Delta_c_s,path_status
tdrive_speed,fedavg_window,30001,1.1031353358552016,1.3042036618033628,0.5231741478859561,1.9754613168623258,REAL_PATH_EXECUTED
tdrive_speed,twostage_hajek,30001,1.1140845513940543,1.3211889762080602,0.6108764291387097,1.9636422820465096,REAL_PATH_EXECUTED
tdrive_speed,fedau_window,30001,1.0919187854254795,1.2845314015718696,0.5231741478859562,1.989808861430399,REAL_PATH_EXECUTED
tdrive_speed,obsuse_window,30001,1.0914986988187398,1.283733408746073,0.5231741478859562,1.9898370584216312,REAL_PATH_EXECUTED
tdrive_speed,raven_wo_design,30001,1.1078411236549408,1.311638523733893,0.523174147885956,1.9931723400368453,REAL_PATH_EXECUTED
tdrive_speed,raven,30001,1.113638599869406,1.320521907835427,0.6108764291387097,1.9769307370804468,REAL_PATH_EXECUTED
tdrive_speed,fedavg_window,30002,1.1056234978382853,1.3087910046335627,0.523174147885956,1.9758352406009938,REAL_PATH_EXECUTED
tdrive_speed,twostage_hajek,30002,1.1068112283466314,1.310607783696021,0.5766883949506754,1.9636451358498968,REAL_PATH_EXECUTED
tdrive_speed,fedau_window,30002,1.0988230261366079,1.2975581806677987,0.5231741478859561,1.99357764101669,REAL_PATH_EXECUTED
tdrive_speed,obsuse_window,30002,1.098259291865347,1.2965892908556904,0.5231741478859561,1.9935987961227895,REAL_PATH_EXECUTED
tdrive_speed,raven_wo_design,30002,1.1095964298919325,1.3149865398069733,0.523174147885956,1.9935550758422007,REAL_PATH_EXECUTED
tdrive_speed,raven,30002,1.1038415773415866,1.3058661888346246,0.5766883949506755,1.9770738026706962,REAL_PATH_EXECUTED
tdrive_speed,fedavg_window,30003,1.1048523420360348,1.307085761444339,0.5231741478859557,1.975798376276964,REAL_PATH_EXECUTED
tdrive_speed,twostage_hajek,30003,1.1401179691529426,1.3576592802674647,0.6108764291387097,1.9649596446046353,REAL_PATH_EXECUTED
tdrive_speed,fedau_window,30003,1.089020920872115,1.2789982443588932,0.5231741478859561,1.9915138813491788,REAL_PATH_EXECUTED
tdrive_speed,obsuse_window,30003,1.088701083811062,1.278334189284646,0.5231741478859561,1.9915439987685193,REAL_PATH_EXECUTED
tdrive_speed,raven_wo_design,30003,1.105594131252637,1.308264269604864,0.523174147885956,1.9936913597989,REAL_PATH_EXECUTED
tdrive_speed,raven,30003,1.138364147640033,1.3553263773709594,0.6108764291387097,1.9772961757397138,REAL_PATH_EXECUTED
tdrive_speed,fedavg_window,30004,1.1081054211145103,1.3122285723807599,0.5231741478859557,1.9757414813348497,REAL_PATH_EXECUTED
tdrive_speed,twostage_hajek,30004,1.137010601750799,1.353381025684078,0.594104940669108,1.964504842528442,REAL_PATH_EXECUTED
tdrive_speed,fedau_window,30004,1.084193576596606,1.2682511524805602,0.5231741478859562,1.9914814846058608,REAL_PATH_EXECUTED
tdrive_speed,obsuse_window,30004,1.084078332561989,1.2679661782871003,0.5231741478859562,1.991500806526254,REAL_PATH_EXECUTED
tdrive_speed,raven_wo_design,30004,1.1096828047423022,1.3146503394991134,0.5231741478859562,1.9935032040219953,REAL_PATH_EXECUTED
tdrive_speed,raven,30004,1.1386542686790488,1.3555895200200117,0.5941049406691079,1.9778461191665593,REAL_PATH_EXECUTED
tdrive_speed,fedavg_window,30005,1.1052573192628563,1.3080370871930842,0.523174147885956,1.9760817386682272,REAL_PATH_EXECUTED
tdrive_speed,twostage_hajek,30005,1.1424099306758173,1.3610620568407281,0.5941049406691079,1.965089253312588,REAL_PATH_EXECUTED
tdrive_speed,fedau_window,30005,1.0913581213425767,1.2836646242229532,0.523174147885956,1.9903618709418855,REAL_PATH_EXECUTED
tdrive_speed,obsuse_window,30005,1.0910976077251988,1.2831500815123336,0.523174147885956,1.9904096536954619,REAL_PATH_EXECUTED
tdrive_speed,raven_wo_design,30005,1.1099289770896337,1.3153837835803504,0.5231741478859561,1.9934216729659968,REAL_PATH_EXECUTED
tdrive_speed,raven,30005,1.1452347276673491,1.3647767472679464,0.5941049406691079,1.9778497094480034,REAL_PATH_EXECUTED
tdrive_speed,fedavg_window,30006,1.1021234558707076,1.3034335489946476,0.5231741478859557,1.9756169979979294,REAL_PATH_EXECUTED
tdrive_speed,twostage_hajek,30006,1.1260292224090762,1.3394324316026913,0.5854796037418843,1.9647119830211692,REAL_PATH_EXECUTED
tdrive_speed,fedau_window,30006,1.0809129137290892,1.258478894415658,0.5231741478859562,1.9915640715688518,REAL_PATH_EXECUTED
tdrive_speed,obsuse_window,30006,1.0808890837930625,1.2583963076889022,0.5231741478859561,1.991604277080639,REAL_PATH_EXECUTED
tdrive_speed,raven_wo_design,30006,1.1082593283341142,1.3132774604489486,0.523174147885956,1.993795943493305,REAL_PATH_EXECUTED
tdrive_speed,raven,30006,1.124430483727074,1.3371754644497131,0.5854796037418842,1.97746195384072,REAL_PATH_EXECUTED
tdrive_speed,fedavg_window,30007,1.1055096117457959,1.3085452777162807,0.5231741478859562,1.976465805205791,REAL_PATH_EXECUTED
tdrive_speed,twostage_hajek,30007,1.122602363921239,1.334059112299117,0.594104940669108,1.9647282799718802,REAL_PATH_EXECUTED
tdrive_speed,fedau_window,30007,1.0872447424057101,1.2756652855936288,0.5231741478859561,1.9930809049082499,REAL_PATH_EXECUTED
tdrive_speed,obsuse_window,30007,1.0870201889691633,1.2751745258460252,0.5231741478859561,1.9931137003983284,REAL_PATH_EXECUTED
tdrive_speed,raven_wo_design,30007,1.1053850416780273,1.3083441513654548,0.5231741478859562,1.9940893977304355,REAL_PATH_EXECUTED
tdrive_speed,raven,30007,1.1235753485796174,1.3354263450990835,0.594104940669108,1.978615078718635,REAL_PATH_EXECUTED
tdrive_speed,fedavg_window,30008,1.1002946366724475,1.3000387679840097,0.523174147885956,1.975826606831245,REAL_PATH_EXECUTED
tdrive_speed,twostage_hajek,30008,1.1131231001861217,1.3200080610151332,0.6025690563453555,1.9639034091398522,REAL_PATH_EXECUTED
tdrive_speed,fedau_window,30008,1.0885994667549421,1.2786604894972737,0.523174147885956,1.9922178551193133,REAL_PATH_EXECUTED
tdrive_speed,obsuse_window,30008,1.0884529208789138,1.278353799463712,0.5231741478859561,1.992247577796244,REAL_PATH_EXECUTED
tdrive_speed,raven_wo_design,30008,1.1009400605455668,1.3011035632058863,0.5231741478859562,1.993557782906322,REAL_PATH_EXECUTED
tdrive_speed,raven,30008,1.10961561422816,1.314718237796388,0.6025690563453555,1.9771607329784477,REAL_PATH_EXECUTED
tdrive_speed,fedavg_window,30009,1.1022428123975814,1.3040045036680243,0.523174147885956,1.9750344296168325,REAL_PATH_EXECUTED
tdrive_speed,twostage_hajek,30009,1.1094455470943732,1.3153271331637704,0.6025690563453555,1.963030067716402,REAL_PATH_EXECUTED
tdrive_speed,fedau_window,30009,1.0936917222609226,1.288923859677302,0.5231741478859562,1.9903063423931253,REAL_PATH_EXECUTED
tdrive_speed,obsuse_window,30009,1.0936951112457165,1.288927196407489,0.5231741478859562,1.9903554459790884,REAL_PATH_EXECUTED
tdrive_speed,raven_wo_design,30009,1.1048128822054126,1.3082423848167746,0.5231741478859561,1.9933756007839998,REAL_PATH_EXECUTED
tdrive_speed,raven,30009,1.1040828568305243,1.306835181911523,0.6025690563453555,1.976616381184,REAL_PATH_EXECUTED
tdrive_speed,fedavg_window,30010,1.1047350347779001,1.3072301230750452,0.5231741478859557,1.9758627184509705,REAL_PATH_EXECUTED
tdrive_speed,twostage_hajek,30010,1.142067654570723,1.3603514676816468,0.5766883949506755,1.9642322542554362,REAL_PATH_EXECUTED
tdrive_speed,fedau_window,30010,1.092383040929879,1.2858723972144952,0.5231741478859562,1.9915573320800655,REAL_PATH_EXECUTED
tdrive_speed,obsuse_window,30010,1.0920577402531997,1.2852457736948033,0.523174147885956,1.9915859250698036,REAL_PATH_EXECUTED
tdrive_speed,raven_wo_design,30010,1.1065421520059475,1.3100807747950198,0.5231741478859562,1.9934215245193017,REAL_PATH_EXECUTED
tdrive_speed,raven,30010,1.1408424969541486,1.358738370568307,0.5766883949506755,1.9776314136625492,REAL_PATH_EXECUTED
