dataset,component,metric,relative_change_percent,paired_mean_difference,Holm_p,holm_significant,direction,final_component_label,qualitative_magnitude,evidence_generation
SensorScope,Design,Delta_group,1.237262860874634,0.0125451457441057,9.5367431640625e-06,True,worsened,ENDPOINT_TRADEOFF,moderate_or_larger,parent
SensorScope,Design,Delta_c_s,0.5973424350963066,0.00755267610096,9.5367431640625e-06,True,worsened,ENDPOINT_TRADEOFF,small,parent
SensorScope,Design,RMSE_mu,0.0052950537985118,0.0004203207800674,1.0,False,worsened,ENDPOINT_TRADEOFF,quantitatively_small,parent
SensorScope,Design,Tail_RMSE,0.0051933158821552,0.0004393570647795,1.0,False,worsened,ENDPOINT_TRADEOFF,quantitatively_small,parent
SensorScope,Obs,Delta_group,0.0963328040345452,0.0009767601572533,0.051544189453125,False,worsened,ENDPOINT_TRADEOFF,quantitatively_small,parent
SensorScope,Obs,Delta_c_s,-0.0702533410344878,-0.0008882689369927,0.0001258850097656,True,improved,ENDPOINT_TRADEOFF,quantitatively_small,parent
SensorScope,Obs,RMSE_mu,0.011909791295127,0.0009453979049329,0.1065673828125,False,worsened,ENDPOINT_TRADEOFF,quantitatively_small,parent
SensorScope,Obs,Tail_RMSE,0.0113673118444512,0.0009616801441985,0.1065673828125,False,worsened,ENDPOINT_TRADEOFF,quantitatively_small,parent
SensorScope,Use,Delta_group,0.0260508857221545,0.0002641412495938,0.7011814117431641,False,worsened,NO_CLEAR_EFFECT,quantitatively_small,parent
SensorScope,Use,Delta_c_s,0.0261315401820632,0.0003304018723909,0.3488101959228515,False,worsened,NO_CLEAR_EFFECT,quantitatively_small,parent
SensorScope,Use,RMSE_mu,0.0124872531796973,0.0009912367649365,0.0603961944580078,False,worsened,NO_CLEAR_EFFECT,quantitatively_small,parent
SensorScope,Use,Tail_RMSE,0.0119135724145144,0.0010078940557148,0.0603961944580078,False,worsened,NO_CLEAR_EFFECT,quantitatively_small,parent
SensorScope,Inst,Delta_group,-0.2603987358517375,-0.0026402959275217,0.051544189453125,False,improved,ENDPOINT_TRADEOFF,small,2
SensorScope,Inst,Delta_c_s,0.310219343755552,0.0039223502064779,9.5367431640625e-06,True,worsened,ENDPOINT_TRADEOFF,small,2
SensorScope,Inst,RMSE_mu,-0.0017558291873496,-0.0001393775250966,1.0,False,improved,ENDPOINT_TRADEOFF,quantitatively_small,2
SensorScope,Inst,Tail_RMSE,-0.0017752242759053,-0.00015018484238,1.0,False,improved,ENDPOINT_TRADEOFF,quantitatively_small,2
SensorScope,Debt,Delta_group,0.0140741680982494,0.0001427041056538,9.5367431640625e-06,True,worsened,STRUCTURAL_ONLY_SUPPORTED,quantitatively_small,parent
SensorScope,Debt,Delta_c_s,0.0040235115989811,5.0872461271656014e-05,9.5367431640625e-06,True,worsened,STRUCTURAL_ONLY_SUPPORTED,quantitatively_small,parent
SensorScope,Debt,RMSE_mu,2.166657674636024e-05,1.7198904466830812e-06,1.0,False,worsened,STRUCTURAL_ONLY_SUPPORTED,quantitatively_small,parent
SensorScope,Debt,Tail_RMSE,1.897482549827507e-05,1.60527952299816e-06,1.0,False,worsened,STRUCTURAL_ONLY_SUPPORTED,quantitatively_small,parent
U-Air,Design,Delta_group,-6.943368495586542,-0.0758467137477838,9.5367431640625e-06,True,improved,ENDPOINT_TRADEOFF,moderate_or_larger,parent
U-Air,Design,Delta_c_s,4.9898350597219965,0.0615441131617234,9.5367431640625e-06,True,worsened,ENDPOINT_TRADEOFF,moderate_or_larger,parent
U-Air,Design,RMSE_mu,-6.553093815666225,-0.0780548129305664,9.5367431640625e-06,True,improved,ENDPOINT_TRADEOFF,moderate_or_larger,parent
U-Air,Design,Tail_RMSE,-6.875242584162889,-0.0824931179217944,9.5367431640625e-06,True,improved,ENDPOINT_TRADEOFF,moderate_or_larger,parent
U-Air,Obs,Delta_group,0.1230828111266689,0.0013445097647822,5.7220458984375e-05,True,worsened,ENDPOINT_TRADEOFF,small,parent
U-Air,Obs,Delta_c_s,0.0219984512770321,0.0002713266387711,0.0724678039550781,False,worsened,ENDPOINT_TRADEOFF,quantitatively_small,parent
U-Air,Obs,RMSE_mu,-0.0097196306106393,-0.0001157718736232,1.0,False,improved,ENDPOINT_TRADEOFF,quantitatively_small,parent
U-Air,Obs,Tail_RMSE,-0.0102288937108689,-0.0001227321545052,1.0,False,improved,ENDPOINT_TRADEOFF,quantitatively_small,parent
U-Air,Use,Delta_group,0.0137939238456002,0.0001506795720321,0.4980087280273437,False,worsened,NO_CLEAR_EFFECT,quantitatively_small,parent
U-Air,Use,Delta_c_s,-0.0135605115759798,-0.0001672539570897,0.2454872131347656,False,improved,NO_CLEAR_EFFECT,quantitatively_small,parent
U-Air,Use,RMSE_mu,0.023973670577847,0.0002855537284908,0.8827571868896484,False,worsened,NO_CLEAR_EFFECT,quantitatively_small,parent
U-Air,Use,Tail_RMSE,0.0252184289979606,0.0003025852268721,0.8827571868896484,False,worsened,NO_CLEAR_EFFECT,quantitatively_small,parent
U-Air,Inst,Delta_group,-0.0894468167512562,-0.0009770829691805,0.2107963562011718,False,improved,ENDPOINT_TRADEOFF,quantitatively_small,2
U-Air,Inst,Delta_c_s,-0.1428586189549358,-0.0017620035343572,0.051544189453125,False,improved,ENDPOINT_TRADEOFF,small,2
U-Air,Inst,RMSE_mu,0.1306837550913353,0.0015565924040846,0.019439697265625,True,worsened,ENDPOINT_TRADEOFF,small,2
U-Air,Inst,Tail_RMSE,0.1363753990751629,0.0016363105359298,0.019439697265625,True,worsened,ENDPOINT_TRADEOFF,small,2
U-Air,Debt,Delta_group,0.0043063951349345,4.70414207876968e-05,9.5367431640625e-06,True,worsened,STRUCTURAL_ONLY_SUPPORTED,quantitatively_small,parent
U-Air,Debt,Delta_c_s,0.0023896482868883,2.9473676549240933e-05,3.814697265625e-05,True,worsened,STRUCTURAL_ONLY_SUPPORTED,quantitatively_small,parent
U-Air,Debt,RMSE_mu,0.0007291917853553,8.685504892624873e-06,1.0,False,worsened,STRUCTURAL_ONLY_SUPPORTED,quantitatively_small,parent
U-Air,Debt,Tail_RMSE,0.000775232954355,9.301691211272e-06,1.0,False,worsened,STRUCTURAL_ONLY_SUPPORTED,quantitatively_small,parent
