dataset,availability_level,window_id,state_before_decision,C_hat,C_LCB,C_t,Gate_t,Design_t,certificate_valid,false_safe,reset_trigger_after_window
sensorscope,1.0,0,WARMUP,0.1086217619197086,0.0,0.0855614973262032,0,0,True,False,0
sensorscope,1.0,1,WARMUP,0.1077440256035236,0.0,0.0855614973262032,0,0,True,False,0
sensorscope,1.0,2,WARMUP,0.1072241673212138,0.0,0.0855614973262032,0,0,True,False,0
sensorscope,1.0,3,WARMUP,0.1083154136131877,0.0,0.0855614973262032,0,0,True,False,0
sensorscope,1.0,4,WARMUP,0.1088619335798149,0.0,0.0855614973262032,0,0,True,False,0
sensorscope,1.0,5,WARMUP,0.1088198450315219,0.0,0.0855614973262032,0,0,True,False,0
sensorscope,1.0,6,WARMUP,0.1081898087148412,0.0,0.0802139037433155,0,0,True,False,0
sensorscope,1.0,7,WARMUP,0.1067972857546259,0.0,0.0802139037433155,0,0,True,False,0
sensorscope,1.0,8,WARMUP,0.1049787987222225,0.0,0.0802139037433155,0,0,True,False,0
sensorscope,1.0,9,WARMUP,0.1029665553113426,0.0,0.0802139037433155,0,0,True,False,0
sensorscope,1.0,10,WARMUP,0.1007119993469359,0.0,0.0802139037433155,0,0,True,False,0
sensorscope,1.0,11,WARMUP,0.0983683359754236,0.0,0.0802139037433155,0,0,True,False,0
sensorscope,1.0,12,WARMUP,0.0960949075508569,0.0,0.105423987776929,0,0,True,False,0
sensorscope,1.0,13,WARMUP,0.0950261741066763,0.0,0.105423987776929,0,0,True,False,0
sensorscope,1.0,14,WARMUP,0.0940794623320395,0.0,0.105423987776929,0,0,True,False,0
sensorscope,1.0,15,WARMUP,0.0929104789709492,0.0,0.105423987776929,0,0,True,False,0
sensorscope,1.0,16,WARMUP,0.0922969341168104,0.0,0.105423987776929,0,0,True,False,0
sensorscope,1.0,17,WARMUP,0.0922827099591967,0.0,0.105423987776929,0,0,True,False,0
sensorscope,1.0,18,WARMUP,0.09287054102863,0.0,0.1283422459893048,0,0,True,False,0
sensorscope,1.0,19,CERTIFIED,0.094912590924537,0.0669366859530112,0.1283422459893048,1,1,True,False,0
sensorscope,1.0,20,CERTIFIED,0.0972206156404185,0.0692447106688928,0.1283422459893048,1,1,True,False,0
sensorscope,1.0,21,CERTIFIED,0.0992571494249589,0.0712812444534331,0.1283422459893048,1,1,True,False,0
sensorscope,1.0,22,CERTIFIED,0.1015328770266095,0.0735569720550837,0.1283422459893048,1,1,True,False,0
sensorscope,1.0,23,CERTIFIED,0.103894593298949,0.0759186883274233,0.1283422459893048,1,1,True,False,0
sensorscope,1.0,24,CERTIFIED,0.15135083070025,0.1233749257287242,0.1711229946524064,1,1,True,False,0
sensorscope,1.0,25,CERTIFIED,0.1550739767147805,0.1270980717432548,0.1711229946524064,1,1,True,False,0
sensorscope,1.0,26,CERTIFIED,0.1580187878253334,0.1300428828538077,0.1711229946524064,1,1,True,False,0
sensorscope,1.0,27,CERTIFIED,0.1592817643714577,0.1313058593999319,0.1711229946524064,1,1,True,False,0
sensorscope,1.0,28,CERTIFIED,0.1599772342566705,0.1320013292851448,0.1711229946524064,1,1,True,False,0
sensorscope,1.0,29,CERTIFIED,0.1600613152913983,0.1320854103198725,0.1711229946524064,1,1,True,False,0
sensorscope,1.0,30,CERTIFIED,0.1595312729451192,0.1315553679735934,0.160427807486631,1,1,True,False,0
sensorscope,1.0,31,CERTIFIED,0.158010017261976,0.1300341122904503,0.160427807486631,1,1,True,False,0
sensorscope,1.0,32,CERTIFIED,0.1560932903805358,0.1281173854090101,0.160427807486631,1,1,True,False,0
sensorscope,1.0,33,CERTIFIED,0.1540736542472375,0.1260977492757118,0.160427807486631,1,1,True,False,0
sensorscope,1.0,34,CERTIFIED,0.1518126547410609,0.1238367497695351,0.160427807486631,1,1,True,False,0
sensorscope,1.0,35,CERTIFIED,0.1494634970084273,0.1214875920369015,0.160427807486631,1,1,True,False,0
sensorscope,1.0,36,CERTIFIED,0.1471855234033878,0.119209618431862,0.1405653170359052,1,1,True,False,0
sensorscope,1.0,37,CERTIFIED,0.14436135989872,0.1163854549271942,0.1405653170359052,1,1,True,False,0
sensorscope,1.0,38,CERTIFIED,0.1420931838215818,0.1141172788500561,0.1405653170359052,1,1,True,False,0
sensorscope,1.0,39,CERTIFIED,0.1408618903715364,0.114278508360226,0.1405653170359052,1,1,True,False,0
sensorscope,1.0,40,CERTIFIED,0.1401940356653373,0.1136106536540269,0.1405653170359052,1,1,True,False,0
sensorscope,1.0,41,CERTIFIED,0.1401335018925581,0.1135501198812477,0.1405653170359052,1,1,True,False,0
sensorscope,1.0,42,CERTIFIED,0.1406830235837206,0.1140996415724102,0.1283422459893048,1,1,True,False,0
sensorscope,1.0,43,CERTIFIED,0.1413289276129891,0.1147455456016786,0.1283422459893048,1,1,True,False,0
sensorscope,1.0,44,CERTIFIED,0.1425864128441694,0.1160030308328589,0.1283422459893048,1,1,True,False,0
sensorscope,1.0,45,CERTIFIED,0.1445743658813888,0.1179909838700784,0.1283422459893048,1,1,True,False,0
sensorscope,1.0,46,CERTIFIED,0.1468077502085517,0.1202243681972413,0.1283422459893048,1,1,True,False,0
sensorscope,1.0,47,CERTIFIED,0.1491333606792368,0.1225499786679263,0.1283422459893048,1,1,True,False,0
sensorscope,1.0,48,CERTIFIED,0.1513918549393928,0.1248084729280824,0.1711229946524064,1,1,True,False,0
sensorscope,1.0,49,CERTIFIED,0.1550913700979354,0.1285079880866249,0.1711229946524064,1,1,True,False,0
sensorscope,1.0,50,CERTIFIED,0.1580187878253334,0.131435405814023,0.1711229946524064,1,1,True,False,0
sensorscope,1.0,51,CERTIFIED,0.1592817643714577,0.1326983823601472,0.1711229946524064,1,1,True,False,0
sensorscope,1.0,52,CERTIFIED,0.1599772342566705,0.1333938522453601,0.1711229946524064,1,1,True,False,0
sensorscope,1.0,53,CERTIFIED,0.1600613152913983,0.1334779332800879,0.1711229946524064,1,1,True,False,0
sensorscope,1.0,54,CERTIFIED,0.1595312729451192,0.1329478909338088,0.160427807486631,1,1,True,False,0
sensorscope,1.0,55,CERTIFIED,0.158010017261976,0.1314266352506656,0.160427807486631,1,1,True,False,0
sensorscope,1.0,56,CERTIFIED,0.1560932903805358,0.1295099083692254,0.160427807486631,1,1,True,False,0
sensorscope,1.0,57,CERTIFIED,0.1540736542472375,0.1274902722359271,0.160427807486631,1,1,True,False,0
sensorscope,1.0,58,CERTIFIED,0.1518126547410609,0.1252292727297505,0.160427807486631,1,1,True,False,0
sensorscope,1.0,59,CERTIFIED,0.1494634970084273,0.1246986020295202,0.160427807486631,1,1,True,False,0
sensorscope,1.0,60,CERTIFIED,0.1471855234033878,0.1224206284244807,0.1405653170359052,1,1,True,False,0
sensorscope,1.0,61,CERTIFIED,0.14436135989872,0.1195964649198129,0.1405653170359052,1,1,True,False,0
sensorscope,0.8,0,WARMUP,0.0862695313287279,0.0,0.0700048614487117,0,0,True,False,0
sensorscope,0.8,1,WARMUP,0.0866619336001596,0.0,0.0700048614487117,0,0,True,False,0
sensorscope,0.8,2,WARMUP,0.0869538689246142,0.0,0.0684491978609626,0,0,True,False,0
sensorscope,0.8,3,WARMUP,0.0878645411654146,0.0,0.07311618862421,0,0,True,False,0
sensorscope,0.8,4,WARMUP,0.0884185261350908,0.0,0.0762275157997083,0,0,True,False,0
sensorscope,0.8,5,WARMUP,0.088536852641182,0.0,0.0668935342732134,0,0,True,False,0
sensorscope,0.8,6,WARMUP,0.0878607215428572,0.0,0.0612542537676227,0,0,True,False,0
sensorscope,0.8,7,WARMUP,0.0865923236779251,0.0,0.067087992221682,0,0,True,False,0
sensorscope,0.8,8,WARMUP,0.0852203557159377,0.0,0.0700048614487117,0,0,True,False,0
sensorscope,0.8,9,WARMUP,0.0836732931163243,0.0,0.0700048614487117,0,0,True,False,0
sensorscope,0.8,10,WARMUP,0.0818188138331642,0.0,0.0685464268351969,0,0,True,False,0
sensorscope,0.8,11,WARMUP,0.0798155249215223,0.0,0.067087992221682,0,0,True,False,0
sensorscope,0.8,12,WARMUP,0.0778498035897754,0.0,0.0843391902215432,0,0,True,False,0
sensorscope,0.8,13,WARMUP,0.0764835273149822,0.0,0.0766719911104937,0,0,True,False,0
sensorscope,0.8,14,WARMUP,0.0751954420075096,0.0,0.0709215917772067,0,0,True,False,0
sensorscope,0.8,15,WARMUP,0.073956972741917,0.0,0.0881727897770679,0,0,True,False,0
sensorscope,0.8,16,WARMUP,0.0737160082623042,0.0,0.0862559899993055,0,0,True,False,0
sensorscope,0.8,17,WARMUP,0.0739421665866282,0.0,0.0881727897770679,0,0,True,False,0
sensorscope,0.8,18,WARMUP,0.0744592790501288,0.0,0.1120077783179387,0,0,True,False,0
sensorscope,0.8,19,CERTIFIED,0.0759920912675292,0.0493856234922946,0.0863393291200777,0,0,True,False,0
sensorscope,0.8,20,CERTIFIED,0.0772201588759503,0.0506136911007158,0.1073407875546913,1,1,True,False,0
sensorscope,0.8,21,CERTIFIED,0.0789761560193789,0.0523696882441444,0.1026737967914438,1,1,True,False,0
sensorscope,0.8,22,CERTIFIED,0.0811248908230972,0.0545184230478627,0.1003403014098201,1,1,True,False,0
sensorscope,0.8,23,CERTIFIED,0.0829878289287865,0.056381361153552,0.1026737967914438,1,1,True,False,0
sensorscope,0.8,24,CERTIFIED,0.1217722623439489,0.0951657945687144,0.1462323772484201,1,1,True,False,0
sensorscope,0.8,25,CERTIFIED,0.1244822218130462,0.0978757540378117,0.1337870685464268,1,1,True,False,0
sensorscope,0.8,26,CERTIFIED,0.1263447968618562,0.0997383290866217,0.1213417598444336,1,1,True,False,0
sensorscope,0.8,27,CERTIFIED,0.1269027823708392,0.1002963145956047,0.1244530870199319,1,1,True,False,0
sensorscope,0.8,28,CERTIFIED,0.1273168163847788,0.1007103486095443,0.1462323772484201,1,1,True,False,0
sensorscope,0.8,29,CERTIFIED,0.127866739676684,0.1012602719014495,0.1400097228974234,1,1,True,False,0
sensorscope,0.8,30,CERTIFIED,0.1276064827833969,0.1010000150081623,0.1283422459893048,1,1,True,False,0
sensorscope,0.8,31,CERTIFIED,0.1263017607719634,0.0996952929967289,0.1312591152163345,1,1,True,False,0
sensorscope,0.8,32,CERTIFIED,0.1248030722484598,0.0981966044732253,0.1166747690811861,1,1,True,False,0
sensorscope,0.8,33,CERTIFIED,0.1228259449873748,0.0962194772121403,0.1341759844433641,1,1,True,False,0
sensorscope,0.8,34,CERTIFIED,0.1210636522234897,0.0944571844482551,0.1370928536703938,1,1,True,False,0
sensorscope,0.8,35,CERTIFIED,0.1194343435187159,0.0928278757434814,0.1195916383082158,1,1,True,False,0
sensorscope,0.8,36,CERTIFIED,0.1171950904125176,0.090588622637283,0.1047850545176748,1,1,True,False,0
sensorscope,0.8,37,CERTIFIED,0.1148662590906052,0.0882597913153707,0.1047850545176748,1,1,True,False,0
sensorscope,0.8,38,CERTIFIED,0.1132026026005029,0.0865961348252683,0.1175637197027571,1,1,True,False,0
sensorscope,0.8,39,CERTIFIED,0.1124610624735046,0.0908177441055359,0.1201194527397736,1,1,True,False,0
sensorscope,0.8,40,CERTIFIED,0.1121845126149067,0.090541194246938,0.1098965205917077,1,1,True,False,0
sensorscope,0.8,41,CERTIFIED,0.1119857912754807,0.0903424729075121,0.1201194527397736,1,1,True,False,0
sensorscope,0.8,42,CERTIFIED,0.1125308577876831,0.0908875394197144,0.0933398152649489,1,1,True,False,0
sensorscope,0.8,43,CERTIFIED,0.113078114031125,0.0914347956631563,0.109674282936315,1,1,True,False,0
sensorscope,0.8,44,CERTIFIED,0.1143776617464658,0.0927343433784971,0.0956733106465726,1,1,True,False,0
sensorscope,0.8,45,CERTIFIED,0.1160283457915239,0.0943850274235552,0.1026737967914438,1,1,True,False,0
sensorscope,0.8,46,CERTIFIED,0.1178497719633973,0.0962064535954286,0.1050072921730675,1,1,True,False,0
sensorscope,0.8,47,CERTIFIED,0.1199749165874512,0.0983315982194825,0.0956733106465726,1,1,False,False,1
sensorscope,0.8,48,RESET,0.1214545699460102,0.0,0.1555663587749149,0,0,True,False,0
sensorscope,0.8,49,WARMUP,0.1242235178411876,0.0,0.1306757413709285,0,0,True,False,0
sensorscope,0.8,50,WARMUP,0.125776863215431,0.0,0.1368983957219251,0,0,True,False,0
sensorscope,0.8,51,WARMUP,0.1261607843915769,0.0,0.1368983957219251,0,0,True,False,0
sensorscope,0.8,52,WARMUP,0.1265781240497449,0.0,0.1337870685464268,0,0,True,False,0
sensorscope,0.8,53,WARMUP,0.1263641733722843,0.0,0.1213417598444336,0,0,True,False,0
sensorscope,0.8,54,WARMUP,0.1254176174488538,0.0,0.142926592124453,0,0,True,False,0
sensorscope,0.8,55,WARMUP,0.1248377799566451,0.0,0.1341759844433641,0,0,True,False,0
sensorscope,0.8,56,WARMUP,0.1237882288912813,0.0,0.1312591152163345,0,0,True,False,0
sensorscope,0.8,57,WARMUP,0.1220869615114,0.0,0.1312591152163345,0,0,True,False,0
sensorscope,0.8,58,WARMUP,0.1204478110123516,0.0,0.1254253767622751,0,0,True,False,0
sensorscope,0.8,59,WARMUP,0.1186882450372593,0.0,0.1254253767622751,0,0,True,False,0
sensorscope,0.8,60,WARMUP,0.1170628043602815,0.0,0.1098965205917077,0,0,True,False,0
sensorscope,0.8,61,WARMUP,0.1153186378598458,0.0,0.1175637197027571,0,0,True,False,0
sensorscope,0.6,0,WARMUP,0.0644191281323963,0.0,0.0544482255712202,0,0,True,False,0
sensorscope,0.6,1,WARMUP,0.0653032607779125,0.0,0.0575595527467185,0,0,True,False,0
sensorscope,0.6,2,WARMUP,0.0660361587985894,0.0,0.0482255712202236,0,0,True,False,0
sensorscope,0.6,3,WARMUP,0.0666735520108658,0.0,0.0435585804569761,0,0,True,False,0
sensorscope,0.6,4,WARMUP,0.0668460700341469,0.0,0.0560038891589693,0,0,True,False,0
sensorscope,0.6,5,WARMUP,0.0668500445619607,0.0,0.0544482255712202,0,0,True,False,0
sensorscope,0.6,6,WARMUP,0.0664017020982619,0.0,0.0525036460865338,0,0,True,False,0
sensorscope,0.6,7,WARMUP,0.0654308192127779,0.0,0.0495867768595041,0,0,True,False,0
sensorscope,0.6,8,WARMUP,0.0641118827676941,0.0,0.0510452114730189,0,0,True,False,0
sensorscope,0.6,9,WARMUP,0.0626028830588871,0.0,0.0597958191541079,0,0,True,False,0
sensorscope,0.6,10,WARMUP,0.0610869407296215,0.0,0.0539620807000486,0,0,True,False,0
sensorscope,0.6,11,WARMUP,0.0594161304158518,0.0,0.0466699076324744,0,0,True,False,0
sensorscope,0.6,12,WARMUP,0.0576743587573902,0.0,0.0651711924439197,0,0,True,False,0
sensorscope,0.6,13,WARMUP,0.0564482270161869,0.0,0.0651711924439197,0,0,True,False,0
sensorscope,0.6,14,WARMUP,0.0555036099363513,0.0,0.055587193555108,0,0,True,False,0
sensorscope,0.6,15,WARMUP,0.0546281057459325,0.0,0.0690047919994444,0,0,True,False,0
sensorscope,0.6,16,WARMUP,0.0543819158319862,0.0,0.0728383915549691,0,0,True,False,0
sensorscope,0.6,17,WARMUP,0.054657687279228,0.0,0.0632543926661573,0,0,True,False,0
sensorscope,0.6,18,WARMUP,0.055099508035125,0.0,0.0793388429752066,0,0,True,False,0
sensorscope,0.6,19,CERTIFIED,0.0561528625299854,0.0330378909760957,0.0653378706854642,0,0,True,False,0
sensorscope,0.6,20,CERTIFIED,0.0573754569930087,0.034260485439119,0.0793388429752066,0,0,True,False,0
sensorscope,0.6,21,CERTIFIED,0.0589368455876691,0.0358218740337794,0.0606708799222168,0,0,True,False,0
sensorscope,0.6,22,CERTIFIED,0.0604646809056159,0.0373497093517262,0.0863393291200777,0,0,True,False,0
sensorscope,0.6,23,CERTIFIED,0.0623135745157832,0.0391986029618935,0.084005833738454,0,0,True,False,0
sensorscope,0.6,24,CERTIFIED,0.0917205989987267,0.068605627444837,0.1120077783179387,1,1,True,False,0
sensorscope,0.6,25,CERTIFIED,0.0934830804501065,0.0703681088962168,0.1057851239669421,1,1,True,False,0
sensorscope,0.6,26,CERTIFIED,0.0947898293944524,0.0716748578405628,0.084005833738454,1,1,True,False,0
sensorscope,0.6,27,CERTIFIED,0.0952121373379549,0.0720971657840652,0.0902284880894506,1,1,True,False,0
sensorscope,0.6,28,CERTIFIED,0.0954424611329136,0.0723274895790239,0.1057851239669421,1,1,True,False,0
sensorscope,0.6,29,CERTIFIED,0.0956108708255375,0.0724958992716478,0.1120077783179387,1,1,True,False,0
sensorscope,0.6,30,CERTIFIED,0.095317860900989,0.0722028893470993,0.0904229460379193,1,1,True,False,0
sensorscope,0.6,31,CERTIFIED,0.0941735725802642,0.0710586010263745,0.1108410306271269,1,1,True,False,0
sensorscope,0.6,32,CERTIFIED,0.0929956470165779,0.0698806754626882,0.0904229460379193,1,1,True,False,0
sensorscope,0.6,33,CERTIFIED,0.0914099044115075,0.0682949328576178,0.0933398152649489,1,1,True,False,0
sensorscope,0.6,34,CERTIFIED,0.0896157351388261,0.0665007635849364,0.1108410306271269,1,1,True,False,0
sensorscope,0.6,35,CERTIFIED,0.088197755362196,0.0650827838083063,0.1020904229460379,1,1,True,False,0
sensorscope,0.6,36,CERTIFIED,0.086650820995222,0.0635358494413323,0.0766719911104938,1,1,True,False,0
sensorscope,0.6,37,CERTIFIED,0.0848298962188176,0.0617149246649279,0.0843391902215431,1,1,True,False,0
sensorscope,0.6,38,CERTIFIED,0.0835729967924916,0.0604580252386019,0.0894506562955761,1,1,True,False,0
sensorscope,0.6,39,CERTIFIED,0.0829494106423556,0.0651388230639898,0.0690047919994444,1,1,True,False,0
sensorscope,0.6,40,CERTIFIED,0.0823771051933642,0.0645665176149984,0.0920063893325925,1,1,True,False,0
sensorscope,0.6,41,CERTIFIED,0.0825853494134357,0.0647747618350699,0.0920063893325925,1,1,True,False,0
sensorscope,0.6,42,CERTIFIED,0.0833196610009665,0.0655090734226007,0.0630043753038405,1,1,False,False,1
sensorscope,0.6,43,RESET,0.0855255345930014,0.0,0.0700048614487117,0,0,True,False,0
sensorscope,0.6,44,WARMUP,0.0864351058632443,0.0,0.0793388429752066,0,0,True,False,0
sensorscope,0.6,45,WARMUP,0.0879334551622129,0.0,0.0723383568303354,0,0,True,False,0
sensorscope,0.6,46,WARMUP,0.0892844042973274,0.0,0.084005833738454,0,0,True,False,0
sensorscope,0.6,47,WARMUP,0.0907467403647008,0.0,0.0700048614487117,0,0,True,False,0
sensorscope,0.6,48,WARMUP,0.0918989144136162,0.0,0.1244530870199319,0,0,True,False,0
sensorscope,0.6,49,WARMUP,0.0936752984222639,0.0,0.0902284880894506,0,0,True,False,0
sensorscope,0.6,50,WARMUP,0.0945296134588981,0.0,0.0964511424404472,0,0,True,False,0
sensorscope,0.6,51,WARMUP,0.0947574819110518,0.0,0.0964511424404472,0,0,True,False,0
sensorscope,0.6,52,WARMUP,0.094963590768597,0.0,0.0995624696159455,0,0,True,False,0
sensorscope,0.6,53,WARMUP,0.0947946330184402,0.0,0.0746718522119591,0,0,True,False,0
sensorscope,0.6,54,WARMUP,0.0938696410599149,0.0,0.1020904229460379,0,0,True,False,0
sensorscope,0.6,55,WARMUP,0.0931640507601411,0.0,0.0962566844919786,0,0,True,False,0
sensorscope,0.6,56,WARMUP,0.0922477306039358,0.0,0.0991735537190082,0,0,True,False,0
sensorscope,0.6,57,WARMUP,0.0909518257603093,0.0,0.1020904229460379,0,0,True,False,0
sensorscope,0.6,58,WARMUP,0.0896671471450827,0.0,0.0816723383568303,0,0,True,False,0
sensorscope,0.6,59,WARMUP,0.0880239574839315,0.0,0.0991735537190082,0,0,True,False,0
sensorscope,0.6,60,WARMUP,0.0868312458491308,0.0,0.0766719911104938,0,0,True,False,0
sensorscope,0.6,61,WARMUP,0.0855997643094824,0.0,0.0741162580734773,0,0,True,False,0
sensorscope,0.4,0,WARMUP,0.0434707039925799,0.0,0.0326689353427321,0,0,True,False,0
sensorscope,0.4,1,WARMUP,0.0440123461385236,0.0,0.0482255712202236,0,0,True,False,0
sensorscope,0.4,2,WARMUP,0.044407491886589,0.0,0.0357802625182304,0,0,True,False,0
sensorscope,0.4,3,WARMUP,0.0446353792500734,0.0,0.0280019445794846,0,0,True,False,0
sensorscope,0.4,4,WARMUP,0.0445173531823802,0.0,0.042002916869227,0,0,True,False,0
sensorscope,0.4,5,WARMUP,0.044324140849969,0.0,0.0373359261059795,0,0,True,False,0
sensorscope,0.4,6,WARMUP,0.0439209424827193,0.0,0.0277102576567817,0,0,True,False,0
sensorscope,0.4,7,WARMUP,0.0432095804815891,0.0,0.033543996110841,0,0,True,False,0
sensorscope,0.4,8,WARMUP,0.0424238724359505,0.0,0.0262518230432668,0,0,True,False,0
sensorscope,0.4,9,WARMUP,0.0415530576022786,0.0,0.0393777345649003,0,0,True,False,0
sensorscope,0.4,10,WARMUP,0.0407071143664519,0.0,0.0320855614973262,0,0,True,False,0
sensorscope,0.4,11,WARMUP,0.0398773917265121,0.0,0.0320855614973262,0,0,True,False,0
sensorscope,0.4,12,WARMUP,0.0390750233567744,0.0,0.0383359955552468,0,0,True,False,0
sensorscope,0.4,13,WARMUP,0.0384886684142472,0.0,0.0460031946662962,0,0,True,False,0
sensorscope,0.4,14,WARMUP,0.03812850908871,0.0,0.0383359955552468,0,0,True,False,0
sensorscope,0.4,15,WARMUP,0.0378989889548401,0.0,0.0517535939995833,0,0,True,False,0
sensorscope,0.4,16,WARMUP,0.0379450578811786,0.0,0.0364191957774845,0,0,True,False,0
sensorscope,0.4,17,WARMUP,0.0381576211624011,0.0,0.0421695951107715,0,0,True,False,0
sensorscope,0.4,18,WARMUP,0.038559104778664,0.0,0.0466699076324744,0,0,True,False,0
sensorscope,0.4,19,CERTIFIED,0.0392449402419509,0.0226115055713621,0.0396694214876033,0,0,True,False,0
sensorscope,0.4,20,CERTIFIED,0.039995800040502,0.0233623653699132,0.0536703937773456,0,0,True,False,0
sensorscope,0.4,21,CERTIFIED,0.0408998658474436,0.0242664311768548,0.0443364122508507,0,0,True,False,0
sensorscope,0.4,22,CERTIFIED,0.0418028895468897,0.0251694548763009,0.0583373845405931,0,0,True,False,0
sensorscope,0.4,23,CERTIFIED,0.0426939552110876,0.0260605205404988,0.0536703937773456,0,0,True,False,0
sensorscope,0.4,24,CERTIFIED,0.060850020531588,0.0442165858609991,0.0622265435099659,0,0,True,False,0
sensorscope,0.4,25,CERTIFIED,0.0615031154643416,0.0448696807937528,0.0871171609139523,0,0,True,False,0
sensorscope,0.4,26,CERTIFIED,0.0621394930199105,0.0455060583493216,0.0560038891589693,0,0,True,False,0
sensorscope,0.4,27,CERTIFIED,0.062313123703513,0.0456796890329242,0.0653378706854642,0,0,True,False,0
sensorscope,0.4,28,CERTIFIED,0.0622069038334725,0.0455734691628836,0.0746718522119591,0,0,True,False,0
sensorscope,0.4,29,CERTIFIED,0.0620795242153255,0.0454460895447366,0.0591152163344676,0,0,True,False,0
sensorscope,0.4,30,CERTIFIED,0.061590985562431,0.0449575508918422,0.0641711229946524,0,0,True,False,0
sensorscope,0.4,31,CERTIFIED,0.0609120644821473,0.0442786298115584,0.0816723383568303,0,0,True,False,0
sensorscope,0.4,32,CERTIFIED,0.0602745394475955,0.0436411047770066,0.0700048614487117,0,0,True,False,0
sensorscope,0.4,33,CERTIFIED,0.0594409143253029,0.042807479654714,0.067087992221682,0,0,True,False,0
sensorscope,0.4,34,CERTIFIED,0.0584783168599857,0.0418448821893969,0.067087992221682,0,0,True,False,0
sensorscope,0.4,35,CERTIFIED,0.0576092858581681,0.0409758511875792,0.0641711229946524,0,0,True,False,0
sensorscope,0.4,36,CERTIFIED,0.0568264387286697,0.0401930040580809,0.0587818598513785,0,0,True,False,0
sensorscope,0.4,37,CERTIFIED,0.0561544295900741,0.0395209949194852,0.0485589277033127,0,0,True,False,0
sensorscope,0.4,38,CERTIFIED,0.0556239012699169,0.0389904665993281,0.0638933259254115,0,0,True,False,0
sensorscope,0.4,39,CERTIFIED,0.055434103848573,0.0392234190226354,0.0511146607403291,0,0,True,False,0
sensorscope,0.4,40,CERTIFIED,0.0554385117555294,0.0392278269295918,0.0485589277033127,0,0,True,False,0
sensorscope,0.4,41,CERTIFIED,0.0555877975823587,0.0393771127564211,0.0562261268143621,0,0,True,False,0
sensorscope,0.4,42,CERTIFIED,0.0560640151875712,0.0398533303616336,0.0303354399611084,0,0,False,False,1
sensorscope,0.4,43,RESET,0.0572116470426094,0.0,0.0466699076324744,0,0,True,False,0
sensorscope,0.4,44,WARMUP,0.0579322672506511,0.0,0.0443364122508507,0,0,True,False,0
sensorscope,0.4,45,WARMUP,0.0588661704919838,0.0,0.0443364122508507,0,0,True,False,0
sensorscope,0.4,46,WARMUP,0.0597025657257228,0.0,0.042002916869227,0,0,True,False,0
sensorscope,0.4,47,WARMUP,0.0604875563227452,0.0,0.042002916869227,0,0,True,False,0
sensorscope,0.4,48,WARMUP,0.0611681957874422,0.0,0.0902284880894506,0,0,True,False,0
sensorscope,0.4,49,WARMUP,0.0620485816915483,0.0,0.0653378706854642,0,0,True,False,0
sensorscope,0.4,50,WARMUP,0.062553106683845,0.0,0.0653378706854642,0,0,True,False,0
sensorscope,0.4,51,WARMUP,0.0625357639628913,0.0,0.0715605250364608,0,0,True,False,0
sensorscope,0.4,52,WARMUP,0.0624983659068625,0.0,0.0746718522119591,0,0,True,False,0
sensorscope,0.4,53,WARMUP,0.0622624156766811,0.0,0.0435585804569761,0,0,True,False,0
sensorscope,0.4,54,WARMUP,0.0615693809852424,0.0,0.075838599902771,0,0,True,False,0
sensorscope,0.4,55,WARMUP,0.0609252597908313,0.0,0.0525036460865337,0,0,True,False,0
sensorscope,0.4,56,WARMUP,0.0601928049568216,0.0,0.0495867768595041,0,0,True,False,0
sensorscope,0.4,57,WARMUP,0.0591719306175266,0.0,0.0612542537676227,0,0,True,False,0
sensorscope,0.4,58,WARMUP,0.0583779520750152,0.0,0.0525036460865337,0,0,True,False,0
sensorscope,0.4,59,WARMUP,0.0575901026328304,0.0,0.0729217306757413,0,0,True,False,0
sensorscope,0.4,60,WARMUP,0.0569775401237763,0.0,0.0536703937773456,0,0,True,False,0
sensorscope,0.4,61,WARMUP,0.0564355450206208,0.0,0.0485589277033127,0,0,True,False,0
sensorscope,0.2,0,WARMUP,0.0214997136850415,0.0,0.0140009722897423,0,0,True,False,0
sensorscope,0.2,1,WARMUP,0.0220799576446103,0.0,0.0295576081672338,0,0,True,False,0
sensorscope,0.2,2,WARMUP,0.0224065728700741,0.0,0.0124453087019931,0,0,True,False,0
sensorscope,0.2,3,WARMUP,0.0226683474998407,0.0,0.0155566358774914,0,0,True,False,0
sensorscope,0.2,4,WARMUP,0.0226869773390173,0.0,0.0171122994652406,0,0,True,False,0
sensorscope,0.2,5,WARMUP,0.0225723382436856,0.0,0.0155566358774914,0,0,True,False,0
sensorscope,0.2,6,WARMUP,0.0222795968423254,0.0,0.0102090422946037,0,0,True,False,0
sensorscope,0.2,7,WARMUP,0.0218248691770287,0.0,0.0189596499756927,0,0,True,False,0
sensorscope,0.2,8,WARMUP,0.0212471794731054,0.0,0.0131259115216334,0,0,True,False,0
sensorscope,0.2,9,WARMUP,0.020612055252489,0.0,0.0189596499756927,0,0,True,False,0
sensorscope,0.2,10,WARMUP,0.019910025047516,0.0,0.0145843461351482,0,0,True,False,0
sensorscope,0.2,11,WARMUP,0.0192386034705598,0.0,0.0131259115216334,0,0,True,False,0
sensorscope,0.2,12,WARMUP,0.0185992179908979,0.0,0.0249183971109104,0,0,True,False,0
sensorscope,0.2,13,WARMUP,0.0180726483787803,0.0,0.0287519966664351,0,0,True,False,0
sensorscope,0.2,14,WARMUP,0.0177073618384198,0.0,0.0191679977776234,0,0,True,False,0
sensorscope,0.2,15,WARMUP,0.0174758372537208,0.0,0.0249183971109104,0,0,True,False,0
sensorscope,0.2,16,WARMUP,0.0173979360715655,0.0,0.0210847975553857,0,0,True,False,0
sensorscope,0.2,17,WARMUP,0.0175320950389754,0.0,0.0191679977776234,0,0,True,False,0
sensorscope,0.2,18,WARMUP,0.0178167654705078,0.0,0.0233349538162372,0,0,True,False,0
sensorscope,0.2,19,CERTIFIED,0.0182622056618627,0.0061916511141409,0.016334467671366,0,0,True,False,0
sensorscope,0.2,20,CERTIFIED,0.0188374976630057,0.0067669431152839,0.0256684491978609,0,0,True,False,0
sensorscope,0.2,21,CERTIFIED,0.0194787833363562,0.0074082287886344,0.0140009722897423,0,0,True,False,0
sensorscope,0.2,22,CERTIFIED,0.0201853568782287,0.008114802330507,0.0303354399611084,0,0,True,False,0
sensorscope,0.2,23,CERTIFIED,0.020850094392898,0.0087795398451762,0.0210014584346135,0,0,True,False,0
sensorscope,0.2,24,CERTIFIED,0.0311245657604747,0.0190540112127529,0.0342245989304812,0,0,True,False,0
sensorscope,0.2,25,CERTIFIED,0.031640577032423,0.0195700224847013,0.0311132717549829,0,0,True,False,0
sensorscope,0.2,26,CERTIFIED,0.0320672784049019,0.0199967238571802,0.0248906174039863,0,0,True,False,0
sensorscope,0.2,27,CERTIFIED,0.0322917996584826,0.0202212451107608,0.021779290228488,0,0,True,False,0
sensorscope,0.2,28,CERTIFIED,0.0323336115858345,0.0202630570381127,0.0342245989304812,0,0,True,False,0
sensorscope,0.2,29,CERTIFIED,0.0322112396409245,0.0201406850932027,0.0155566358774914,0,0,False,False,1
sensorscope,0.2,30,RESET,0.0308952384593388,0.0,0.0379192999513855,0,0,True,False,0
sensorscope,0.2,31,WARMUP,0.0305007291255929,0.0,0.0379192999513855,0,0,True,False,0
sensorscope,0.2,32,WARMUP,0.0301565110236267,0.0,0.0437530384054448,0,0,True,False,0
sensorscope,0.2,33,WARMUP,0.0297025517594256,0.0,0.0379192999513855,0,0,True,False,0
sensorscope,0.2,34,WARMUP,0.0292509410394629,0.0,0.0320855614973262,0,0,True,False,0
sensorscope,0.2,35,WARMUP,0.0287833581011621,0.0,0.0379192999513855,0,0,True,False,0
sensorscope,0.2,36,WARMUP,0.0283737291670331,0.0,0.0332245294812139,0,0,True,False,0
sensorscope,0.2,37,WARMUP,0.028074800070709,0.0,0.0306687964441975,0,0,True,False,0
sensorscope,0.2,38,WARMUP,0.0278435265559696,0.0,0.0230015973331481,0,0,True,False,0
sensorscope,0.2,39,WARMUP,0.0277311398542847,0.0,0.0332245294812139,0,0,True,False,0
sensorscope,0.2,40,WARMUP,0.0277335843518089,0.0,0.0178901312591152,0,0,True,False,0
sensorscope,0.2,41,WARMUP,0.027900290828217,0.0,0.0357802625182304,0,0,True,False,0
sensorscope,0.2,42,WARMUP,0.0281132773186378,0.0,0.0140009722897423,0,0,True,False,0
sensorscope,0.2,43,WARMUP,0.0285053070515957,0.0,0.0233349538162372,0,0,True,False,0
sensorscope,0.2,44,WARMUP,0.0288562042693997,0.0,0.0186679630529897,0,0,True,False,0
sensorscope,0.2,45,WARMUP,0.0293408844928024,0.0,0.0303354399611084,0,0,True,False,0
sensorscope,0.2,46,WARMUP,0.0297997565687304,0.0,0.0280019445794846,0,0,True,False,0
sensorscope,0.2,47,WARMUP,0.0302822081454906,0.0,0.016334467671366,0,0,True,False,0
sensorscope,0.2,48,WARMUP,0.0306627526820728,0.0,0.0497812348079727,0,0,True,False,0
sensorscope,0.2,49,CERTIFIED,0.0309583499529533,0.0168460449240578,0.0342245989304812,0,0,True,False,0
sensorscope,0.2,50,CERTIFIED,0.0312727968658034,0.0171604918369078,0.0186679630529897,0,0,True,False,0
sensorscope,0.2,51,CERTIFIED,0.0313149439154809,0.0172026388865854,0.0248906174039863,0,0,True,False,0
sensorscope,0.2,52,CERTIFIED,0.0312461151612311,0.0171338101323356,0.0497812348079727,0,0,True,False,0
sensorscope,0.2,53,CERTIFIED,0.0311368483473363,0.0170245433184407,0.0248906174039863,0,0,True,False,0
sensorscope,0.2,54,CERTIFIED,0.030950899164144,0.0168385941352485,0.0291686922702965,0,0,True,False,0
sensorscope,0.2,55,CERTIFIED,0.0305270654891814,0.0164147604602858,0.0350024307243558,0,0,True,False,0
sensorscope,0.2,56,CERTIFIED,0.0301275899506888,0.0160152849217932,0.0204180845892075,0,0,True,False,0
sensorscope,0.2,57,CERTIFIED,0.0296809094525453,0.0155686044236497,0.0233349538162372,0,0,True,False,0
sensorscope,0.2,58,CERTIFIED,0.0291676348275487,0.0150553297986532,0.0204180845892075,0,0,True,False,0
sensorscope,0.2,59,CERTIFIED,0.0287289291805063,0.0146166241516108,0.0233349538162372,0,0,True,False,0
sensorscope,0.2,60,CERTIFIED,0.0283266336708206,0.0142143286419251,0.0230015973331481,0,0,True,False,0
sensorscope,0.2,61,CERTIFIED,0.0280203256016052,0.0139080205727096,0.028113063407181,0,0,True,False,0
uair,1.0,0,WARMUP,0.0214501775872779,0.0,0.0455696202531645,0,0,True,False,0
uair,1.0,1,WARMUP,0.0273156934172787,0.0,0.0455696202531645,0,0,True,False,0
uair,1.0,2,WARMUP,0.0319504060317297,0.0,0.0455696202531645,0,0,True,False,0
uair,1.0,3,WARMUP,0.2012635822746351,0.0,0.2278481012658227,0,0,True,False,0
uair,1.0,4,WARMUP,0.2177490162242307,0.0,0.2278481012658227,0,0,True,False,0
uair,1.0,5,WARMUP,0.2303020708354916,0.0,0.2278481012658227,0,0,True,False,0
uair,1.0,6,WARMUP,0.2305639043758756,0.0,0.2278481012658227,0,0,True,False,0
uair,1.0,7,WARMUP,0.2302162160230168,0.0,0.2278481012658227,0,0,True,False,0
uair,1.0,8,WARMUP,0.2293476603630553,0.0,0.2278481012658227,0,0,True,False,0
uair,1.0,9,WARMUP,0.2279513842158667,0.0,0.2658227848101266,0,0,True,False,0
uair,1.0,10,WARMUP,0.2296142621092904,0.0,0.2658227848101266,0,0,True,False,0
uair,1.0,11,WARMUP,0.2304947277292756,0.0,0.2658227848101266,0,0,True,False,0
uair,1.0,12,WARMUP,0.228501313212528,0.0,0.2658227848101266,0,0,True,False,0
uair,1.0,13,WARMUP,0.2267676164552468,0.0,0.2658227848101266,0,0,True,False,0
uair,1.0,14,WARMUP,0.225423113351358,0.0,0.2658227848101266,0,0,True,False,0
uair,1.0,15,WARMUP,0.2245699225153582,0.0,0.240506329113924,0,0,True,False,0
uair,1.0,16,WARMUP,0.2220727330803382,0.0,0.240506329113924,0,0,True,False,0
uair,1.0,17,WARMUP,0.2206242819736431,0.0,0.240506329113924,0,0,True,False,0
uair,1.0,18,WARMUP,0.2212701542322245,0.0,0.240506329113924,0,0,True,False,0
uair,1.0,19,CERTIFIED,0.2224602496522457,0.2197444465421928,0.240506329113924,1,1,True,False,0
uair,1.0,20,CERTIFIED,0.2241059136475667,0.2213901105375138,0.240506329113924,1,1,True,False,0
uair,1.0,21,CERTIFIED,0.2260880016365861,0.2233721985265332,0.1822784810126583,1,1,False,False,1
uair,1.0,22,RESET,0.2262911789390991,0.0,0.1822784810126583,0,0,True,False,0
uair,1.0,23,WARMUP,0.2242636454461263,0.0,0.1822784810126583,0,0,True,False,0
uair,1.0,24,WARMUP,0.226065710205027,0.0,0.1822784810126583,0,0,True,False,0
uair,1.0,25,WARMUP,0.2277263418463794,0.0,0.1822784810126583,0,0,True,False,0
uair,1.0,26,WARMUP,0.2291152245171983,0.0,0.1822784810126583,0,0,True,False,0
uair,1.0,27,WARMUP,0.2301219599825235,0.0,0.2278481012658227,0,0,True,False,0
uair,1.0,28,WARMUP,0.2347831390464223,0.0,0.2278481012658227,0,0,True,False,0
uair,1.0,29,WARMUP,0.2379782854053077,0.0,0.2278481012658227,0,0,True,False,0
uair,1.0,30,WARMUP,0.2378385886859494,0.0,0.2278481012658227,0,0,True,False,0
uair,1.0,31,WARMUP,0.2371580099051877,0.0,0.2278481012658227,0,0,True,False,0
uair,1.0,32,WARMUP,0.2359963484220963,0.0,0.2278481012658227,0,0,True,False,0
uair,1.0,33,WARMUP,0.2344450942066313,0.0,0.2658227848101266,0,0,True,False,0
uair,1.0,34,WARMUP,0.2360541495858164,0.0,0.2658227848101266,0,0,True,False,0
uair,1.0,35,WARMUP,0.236732434971508,0.0,0.2658227848101266,0,0,True,False,0
uair,1.0,36,WARMUP,0.2348357177494115,0.0,0.2658227848101266,0,0,True,False,0
uair,1.0,37,WARMUP,0.2330875708865225,0.0,0.2658227848101266,0,0,True,False,0
uair,1.0,38,WARMUP,0.2316183102358263,0.0,0.2658227848101266,0,0,True,False,0
uair,1.0,39,WARMUP,0.2305383340322832,0.0,0.240506329113924,0,0,True,False,0
uair,1.0,40,WARMUP,0.2276419616779286,0.0,0.240506329113924,0,0,True,False,0
uair,1.0,41,CERTIFIED,0.2257960634263245,0.1789593199217845,0.240506329113924,1,1,True,False,0
uair,1.0,42,CERTIFIED,0.2260304126088785,0.1791936691043385,0.240506329113924,1,1,True,False,0
uair,1.0,43,CERTIFIED,0.2267985066111768,0.1799617631066368,0.240506329113924,1,1,True,False,0
uair,1.0,44,CERTIFIED,0.2280405460741456,0.1812038025696055,0.240506329113924,1,1,True,False,0
uair,1.0,45,CERTIFIED,0.2296650410278285,0.1828282975232885,0.1822784810126583,1,1,False,False,1
uair,1.0,46,RESET,0.2219197464278578,0.0,0.1822784810126583,0,0,True,False,0
uair,1.0,47,WARMUP,0.2190037801342813,0.0,0.1822784810126583,0,0,True,False,0
uair,1.0,48,WARMUP,0.220509203114348,0.0,0.1822784810126583,0,0,True,False,0
uair,1.0,49,WARMUP,0.2221526440736421,0.0,0.1822784810126583,0,0,True,False,0
uair,1.0,50,WARMUP,0.223805646534866,0.0,0.1822784810126583,0,0,True,False,0
uair,1.0,51,WARMUP,0.0576027226642041,0.0,0.0379746835443038,0,0,True,False,0
uair,1.0,52,WARMUP,0.0442975420959338,0.0,0.0379746835443038,0,0,True,False,0
uair,0.8,0,WARMUP,0.0187821520277235,0.0,0.0379746835443038,0,0,True,False,0
uair,0.8,1,WARMUP,0.0226902156550868,0.0,0.0379746835443038,0,0,True,False,0
uair,0.8,2,WARMUP,0.0256570932570677,0.0,0.0417721518987341,0,0,True,False,0
uair,0.8,3,WARMUP,0.1668704504369761,0.0,0.189873417721519,0,0,True,False,0
uair,0.8,4,WARMUP,0.1765507007826315,0.0,0.1772151898734177,0,0,True,False,0
uair,0.8,5,WARMUP,0.1825033052274859,0.0,0.1582278481012658,0,0,True,False,0
uair,0.8,6,WARMUP,0.180688875594078,0.0,0.1645569620253164,0,0,True,False,0
uair,0.8,7,WARMUP,0.1796085797432468,0.0,0.1772151898734177,0,0,True,False,0
uair,0.8,8,WARMUP,0.1796151089031214,0.0,0.1772151898734177,0,0,True,False,0
uair,0.8,9,WARMUP,0.1787716324923116,0.0,0.2289029535864978,0,0,True,False,0
uair,0.8,10,WARMUP,0.1804034540601367,0.0,0.221518987341772,0,0,True,False,0
uair,0.8,11,WARMUP,0.1807496682069098,0.0,0.2362869198312235,0,0,True,False,0
uair,0.8,12,WARMUP,0.179647436378661,0.0,0.1919831223628691,0,0,True,False,0
uair,0.8,13,WARMUP,0.1761890693805118,0.0,0.221518987341772,0,0,True,False,0
uair,0.8,14,WARMUP,0.174995840312684,0.0,0.221518987341772,0,0,True,False,0
uair,0.8,15,WARMUP,0.1756438807292135,0.0,0.20042194092827,0,0,True,False,0
uair,0.8,16,WARMUP,0.1742001354542196,0.0,0.2071026722925457,0,0,True,False,0
uair,0.8,17,WARMUP,0.1739959022307658,0.0,0.180379746835443,0,0,True,False,0
uair,0.8,18,WARMUP,0.1733026848886754,0.0,0.2137834036568214,0,0,True,False,0
uair,0.8,19,CERTIFIED,0.1752585855220629,0.1509831283958427,0.220464135021097,1,1,True,False,0
uair,0.8,20,CERTIFIED,0.1785807020240332,0.154305244897813,0.1736990154711674,1,1,True,False,0
uair,0.8,21,CERTIFIED,0.1778948100728712,0.153619352946651,0.1316455696202532,1,1,False,False,1
uair,0.8,22,RESET,0.1781706498836975,0.0,0.1417721518987342,0,0,True,False,0
uair,0.8,23,WARMUP,0.1781505448058711,0.0,0.1265822784810127,0,0,True,False,0
uair,0.8,24,WARMUP,0.1788465344240928,0.0,0.1518987341772152,0,0,True,False,0
uair,0.8,25,WARMUP,0.1810160721400439,0.0,0.1569620253164557,0,0,True,False,0
uair,0.8,26,WARMUP,0.1836080039957143,0.0,0.1620253164556963,0,0,True,False,0
uair,0.8,27,WARMUP,0.1849350999218487,0.0,0.1962025316455696,0,0,True,False,0
uair,0.8,28,WARMUP,0.1879294543232069,0.0,0.1962025316455696,0,0,True,False,0
uair,0.8,29,WARMUP,0.1897856003358158,0.0,0.1835443037974683,0,0,True,False,0
uair,0.8,30,WARMUP,0.1889582618822454,0.0,0.2025316455696202,0,0,True,False,0
uair,0.8,31,WARMUP,0.1892546512564512,0.0,0.1772151898734177,0,0,True,False,0
uair,0.8,32,WARMUP,0.1876900419599165,0.0,0.1772151898734177,0,0,True,False,0
uair,0.8,33,WARMUP,0.1853994233081301,0.0,0.2436708860759493,0,0,True,False,0
uair,0.8,34,WARMUP,0.1885960875880702,0.0,0.1845991561181434,0,0,True,False,0
uair,0.8,35,WARMUP,0.1862977314487561,0.0,0.2362869198312235,0,0,True,False,0
uair,0.8,36,WARMUP,0.1856291327807246,0.0,0.2141350210970463,0,0,True,False,0
uair,0.8,37,WARMUP,0.1851714467300914,0.0,0.2141350210970463,0,0,True,False,0
uair,0.8,38,WARMUP,0.1830696425500481,0.0,0.2141350210970463,0,0,True,False,0
uair,0.8,39,WARMUP,0.182183343226136,0.0,0.1937412095639943,0,0,True,False,0
uair,0.8,40,WARMUP,0.1803169230875318,0.0,0.20042194092827,0,0,True,False,0
uair,0.8,41,CERTIFIED,0.1796944159700325,0.128126149645174,0.1937412095639943,1,1,True,False,0
uair,0.8,42,CERTIFIED,0.1795953267080071,0.1280270603831486,0.180379746835443,1,1,True,False,0
uair,0.8,43,CERTIFIED,0.1789828617769132,0.1274145954520547,0.2137834036568214,1,1,True,False,0
uair,0.8,44,CERTIFIED,0.1814237929620826,0.1298555266372241,0.1937412095639943,1,1,True,False,0
uair,0.8,45,CERTIFIED,0.1827868150607694,0.1312185487359109,0.1569620253164557,1,1,True,False,0
uair,0.8,46,CERTIFIED,0.1807174986687236,0.1291492323438651,0.1417721518987342,1,1,True,False,0
uair,0.8,47,CERTIFIED,0.1793297446028212,0.1277614782779627,0.1417721518987342,1,1,True,False,0
uair,0.8,48,CERTIFIED,0.1799570338630229,0.1283887675381645,0.1215189873417722,1,1,False,False,1
uair,0.8,49,RESET,0.1743549306606998,0.0,0.1670886075949368,0,0,True,False,0
uair,0.8,50,WARMUP,0.1782456903962048,0.0,0.1417721518987342,0,0,True,False,0
uair,0.8,51,WARMUP,0.0409572644469274,0.0,0.0284810126582278,0,0,True,False,0
uair,0.8,52,WARMUP,0.0319793532915545,0.0,0.0274261603375527,0,0,True,False,0
uair,0.6,0,WARMUP,0.0148196615149585,0.0,0.030379746835443,0,0,True,False,0
uair,0.6,1,WARMUP,0.0173241558915115,0.0,0.030379746835443,0,0,True,False,0
uair,0.6,2,WARMUP,0.0193266556744163,0.0,0.0329113924050633,0,0,True,False,0
uair,0.6,3,WARMUP,0.1322006575073849,0.0,0.1392405063291139,0,0,True,False,0
uair,0.6,4,WARMUP,0.1363721915060685,0.0,0.1202531645569619,0,0,True,False,0
uair,0.6,5,WARMUP,0.1386295626384987,0.0,0.1202531645569619,0,0,True,False,0
uair,0.6,6,WARMUP,0.1378977597722014,0.0,0.1202531645569619,0,0,True,False,0
uair,0.6,7,WARMUP,0.1372186324930212,0.0,0.1202531645569619,0,0,True,False,0
uair,0.6,8,WARMUP,0.1361799144732538,0.0,0.1392405063291139,0,0,True,False,0
uair,0.6,9,WARMUP,0.1354733794719427,0.0,0.1624472573839662,0,0,True,False,0
uair,0.6,10,WARMUP,0.1352675478198178,0.0,0.1624472573839662,0,0,True,False,0
uair,0.6,11,WARMUP,0.1343675194585394,0.0,0.1698312236286919,0,0,True,False,0
uair,0.6,12,WARMUP,0.1330341199609098,0.0,0.1698312236286919,0,0,True,False,0
uair,0.6,13,WARMUP,0.1318666080980792,0.0,0.1550632911392404,0,0,True,False,0
uair,0.6,14,WARMUP,0.1302896977765784,0.0,0.1698312236286919,0,0,True,False,0
uair,0.6,15,WARMUP,0.1296879065929093,0.0,0.120253164556962,0,0,True,False,0
uair,0.6,16,WARMUP,0.1280657392993178,0.0,0.160337552742616,0,0,True,False,0
uair,0.6,17,WARMUP,0.1282139516144193,0.0,0.160337552742616,0,0,True,False,0
uair,0.6,18,WARMUP,0.129732310264027,0.0,0.1536568213783403,0,0,True,False,0
uair,0.6,19,CERTIFIED,0.1304265516790881,0.1120501535975513,0.1670182841068917,1,1,True,False,0
uair,0.6,20,CERTIFIED,0.1319619411837016,0.1135855431021648,0.1536568213783403,1,1,True,False,0
uair,0.6,21,CERTIFIED,0.1333723582687197,0.1149959601871829,0.1215189873417722,1,1,True,False,0
uair,0.6,22,CERTIFIED,0.133614506173158,0.1152381080916212,0.1063291139240506,1,1,False,False,1
uair,0.6,23,RESET,0.1358573511988545,0.0,0.1012658227848101,0,0,True,False,0
uair,0.6,24,WARMUP,0.1363251167773844,0.0,0.1215189873417722,0,0,True,False,0
uair,0.6,25,WARMUP,0.1379547776725039,0.0,0.1113924050632911,0,0,True,False,0
uair,0.6,26,WARMUP,0.1390128419883905,0.0,0.0962025316455696,0,0,True,False,0
uair,0.6,27,WARMUP,0.1387067385698166,0.0,0.1329113924050632,0,0,True,False,0
uair,0.6,28,WARMUP,0.1400390431073616,0.0,0.1455696202531645,0,0,True,False,0
uair,0.6,29,WARMUP,0.1418024120566028,0.0,0.1455696202531645,0,0,True,False,0
uair,0.6,30,WARMUP,0.1421156179798196,0.0,0.1582278481012658,0,0,True,False,0
uair,0.6,31,WARMUP,0.1422937489404343,0.0,0.1265822784810126,0,0,True,False,0
uair,0.6,32,WARMUP,0.1408018499212701,0.0,0.1139240506329113,0,0,True,False,0
uair,0.6,33,WARMUP,0.1383717109552892,0.0,0.1624472573839662,0,0,True,False,0
uair,0.6,34,WARMUP,0.1388633454153423,0.0,0.140295358649789,0,0,True,False,0
uair,0.6,35,WARMUP,0.1384005458783094,0.0,0.1772151898734177,0,0,True,False,0
uair,0.6,36,WARMUP,0.1380653898912452,0.0,0.1624472573839662,0,0,True,False,0
uair,0.6,37,WARMUP,0.1375561204148932,0.0,0.1772151898734177,0,0,True,False,0
uair,0.6,38,WARMUP,0.136804195543507,0.0,0.1550632911392404,0,0,True,False,0
uair,0.6,39,WARMUP,0.1356632357024933,0.0,0.160337552742616,0,0,True,False,0
uair,0.6,40,WARMUP,0.134809395085367,0.0,0.140295358649789,0,0,True,False,0
uair,0.6,41,WARMUP,0.1340918418116485,0.0,0.1536568213783403,0,0,True,False,0
uair,0.6,42,CERTIFIED,0.1341182661767088,0.0913079558338879,0.1269338959212377,1,1,True,False,0
uair,0.6,43,CERTIFIED,0.1339074569590348,0.0910971466162138,0.1736990154711674,1,1,True,False,0
uair,0.6,44,CERTIFIED,0.1356134896230368,0.0928031792802159,0.1469760900140647,1,1,True,False,0
uair,0.6,45,CERTIFIED,0.1369298316999898,0.0941195213571689,0.1063291139240506,1,1,True,False,0
uair,0.6,46,CERTIFIED,0.1354839969975131,0.0926736866546922,0.1113924050632911,1,1,True,False,0
uair,0.6,47,CERTIFIED,0.1355118133431238,0.0927015030003029,0.1012658227848101,1,1,True,False,0
uair,0.6,48,CERTIFIED,0.1363099597785127,0.0934996494356918,0.1063291139240506,1,1,True,False,0
uair,0.6,49,CERTIFIED,0.1372140492954038,0.0944037389525829,0.1012658227848101,1,1,True,False,0
uair,0.6,50,CERTIFIED,0.1379932806417375,0.0951829702989166,0.1063291139240506,1,1,True,False,0
uair,0.6,51,CERTIFIED,0.0259739742708354,0.0,0.0242616033755274,0,0,True,False,0
uair,0.6,52,CERTIFIED,0.0230443935961498,0.0,0.0189873417721519,0,0,True,False,0
uair,0.4,0,WARMUP,0.0095760511251434,0.0,0.0164556962025316,0,0,True,False,0
uair,0.4,1,WARMUP,0.0108897724217359,0.0,0.0189873417721519,0,0,True,False,0
uair,0.4,2,WARMUP,0.0120167095291095,0.0,0.0177215189873417,0,0,True,False,0
uair,0.4,3,WARMUP,0.0893646410823595,0.0,0.1139240506329113,0,0,True,False,0
uair,0.4,4,WARMUP,0.0915089270018898,0.0,0.050632911392405,0,0,True,False,0
uair,0.4,5,WARMUP,0.0917652628303343,0.0,0.0759493670886075,0,0,True,False,0
uair,0.4,6,WARMUP,0.0913684339043575,0.0,0.0696202531645569,0,0,True,False,0
uair,0.4,7,WARMUP,0.0911923278278841,0.0,0.1075949367088607,0,0,True,False,0
uair,0.4,8,WARMUP,0.0911835339046403,0.0,0.0949367088607594,0,0,True,False,0
uair,0.4,9,WARMUP,0.0906118660350922,0.0,0.0959915611814345,0,0,True,False,0
uair,0.4,10,WARMUP,0.0895299254837539,0.0,0.110759493670886,0,0,True,False,0
uair,0.4,11,WARMUP,0.0887855830910522,0.0,0.1181434599156117,0,0,True,False,0
uair,0.4,12,WARMUP,0.088000213617562,0.0,0.0959915611814345,0,0,True,False,0
uair,0.4,13,WARMUP,0.0867463937092126,0.0,0.1181434599156117,0,0,True,False,0
uair,0.4,14,WARMUP,0.0860386774082777,0.0,0.1255274261603375,0,0,True,False,0
uair,0.4,15,WARMUP,0.0858281868069642,0.0,0.0668073136427567,0,0,True,False,0
uair,0.4,16,WARMUP,0.0844780613906924,0.0,0.1135724331926863,0,0,True,False,0
uair,0.4,17,WARMUP,0.0844695437755952,0.0,0.100210970464135,0,0,True,False,0
uair,0.4,18,WARMUP,0.0849666258397349,0.0,0.100210970464135,0,0,True,False,0
uair,0.4,19,CERTIFIED,0.0852453905938961,0.0443693749844113,0.1269338959212377,0,0,True,False,0
uair,0.4,20,CERTIFIED,0.086404410544544,0.0455283949350592,0.0935302390998594,0,0,True,False,0
uair,0.4,21,CERTIFIED,0.0870503875290564,0.0461743719195716,0.0962025316455696,0,0,True,False,0
uair,0.4,22,CERTIFIED,0.0877141609414975,0.0468381453320127,0.0759493670886076,0,0,True,False,0
uair,0.4,23,CERTIFIED,0.088454292418732,0.0475782768092472,0.0556962025316455,0,0,True,False,0
uair,0.4,24,CERTIFIED,0.0889488922221302,0.0480728766126454,0.0962025316455696,0,0,True,False,0
uair,0.4,25,CERTIFIED,0.0903865029416866,0.0495104873322018,0.0759493670886076,0,0,True,False,0
uair,0.4,26,CERTIFIED,0.0913600961486793,0.0504840805391945,0.0658227848101266,1,1,True,False,0
uair,0.4,27,CERTIFIED,0.0915673741848168,0.050691358575332,0.1012658227848101,1,1,True,False,0
uair,0.4,28,CERTIFIED,0.0924236308345588,0.051547615225074,0.1075949367088607,1,1,True,False,0
uair,0.4,29,CERTIFIED,0.0930895901747809,0.0522135745652961,0.1139240506329113,1,1,True,False,0
uair,0.4,30,CERTIFIED,0.0931296716375742,0.0522536560280894,0.1202531645569619,1,1,True,False,0
uair,0.4,31,CERTIFIED,0.0929181468307001,0.0520421312212153,0.0759493670886075,1,1,True,False,0
uair,0.4,32,CERTIFIED,0.0915707829653018,0.050694767355817,0.0696202531645569,1,1,True,False,0
uair,0.4,33,CERTIFIED,0.0900131221976104,0.0491371065881256,0.0886075949367088,0,0,True,False,0
uair,0.4,34,CERTIFIED,0.0892296724489122,0.0483536568394274,0.0664556962025316,0,0,True,False,0
uair,0.4,35,CERTIFIED,0.0879675305643868,0.047091514954902,0.1255274261603375,0,0,True,False,0
uair,0.4,36,CERTIFIED,0.0876302358108451,0.0467542202013603,0.1033755274261603,0,0,True,False,0
uair,0.4,37,CERTIFIED,0.0869367254934739,0.0460607098839891,0.110759493670886,0,0,True,False,0
uair,0.4,38,CERTIFIED,0.0859375554623546,0.0450615398528698,0.1255274261603375,0,0,True,False,0
uair,0.4,39,CERTIFIED,0.0856320774520618,0.0528739875649753,0.100210970464135,1,1,True,False,0
uair,0.4,40,CERTIFIED,0.085006533953845,0.0522484440667585,0.0935302390998594,1,1,True,False,0
uair,0.4,41,CERTIFIED,0.0844981653449504,0.0517400754578639,0.1269338959212377,1,1,True,False,0
uair,0.4,42,CERTIFIED,0.0851927950315826,0.0524347051444961,0.1135724331926863,1,1,True,False,0
uair,0.4,43,CERTIFIED,0.0858576532953671,0.0530995634082806,0.1135724331926863,1,1,True,False,0
uair,0.4,44,CERTIFIED,0.0863862485809275,0.053628158693841,0.100210970464135,1,1,True,False,0
uair,0.4,45,CERTIFIED,0.087052516644977,0.0542944267578905,0.0759493670886076,1,1,True,False,0
uair,0.4,46,CERTIFIED,0.0874795146373801,0.0547214247502936,0.0860759493670886,1,1,True,False,0
uair,0.4,47,CERTIFIED,0.0884220160437149,0.0556639261566284,0.0556962025316455,1,1,True,False,0
uair,0.4,48,CERTIFIED,0.0890708321161196,0.0563127422290331,0.060759493670886,1,1,True,False,0
uair,0.4,49,CERTIFIED,0.089769078858603,0.0570109889715165,0.0556962025316455,1,1,False,False,1
uair,0.4,50,RESET,0.089117939018228,0.0,0.0658227848101266,0,0,True,False,0
uair,0.4,51,WARMUP,0.0117726188543363,0.0,0.0147679324894514,0,0,True,False,0
uair,0.4,52,WARMUP,0.011353539945725,0.0,0.0126582278481012,0,0,True,False,0
uair,0.2,0,WARMUP,0.0042335790787372,0.0,0.0075949367088607,0,0,True,False,0
uair,0.2,1,WARMUP,0.0047085309542964,0.0,0.0050632911392405,0,0,True,False,0
uair,0.2,2,WARMUP,0.0051335969959616,0.0,0.0063291139240506,0,0,True,False,0
uair,0.2,3,WARMUP,0.043883357281283,0.0,0.0253164556962025,0,0,True,False,0
uair,0.2,4,WARMUP,0.0442128112173342,0.0,0.0126582278481012,0,0,True,False,0
uair,0.2,5,WARMUP,0.0443798230692057,0.0,0.0316455696202531,0,0,True,False,0
uair,0.2,6,WARMUP,0.0444403521644778,0.0,0.0253164556962025,0,0,True,False,0
uair,0.2,7,WARMUP,0.0443988169556518,0.0,0.0379746835443037,0,0,True,False,0
uair,0.2,8,WARMUP,0.0442301717592978,0.0,0.0569620253164556,0,0,True,False,0
uair,0.2,9,WARMUP,0.0440547962906761,0.0,0.0443037974683544,0,0,True,False,0
uair,0.2,10,WARMUP,0.0437084957911205,0.0,0.0443037974683544,0,0,True,False,0
uair,0.2,11,WARMUP,0.0432464850011928,0.0,0.0516877637130801,0,0,True,False,0
uair,0.2,12,WARMUP,0.0428276809455541,0.0,0.0295358649789029,0,0,True,False,0
uair,0.2,13,WARMUP,0.0423348178884925,0.0,0.0664556962025316,0,0,True,False,0
uair,0.2,14,WARMUP,0.0419953623405911,0.0,0.0590717299578058,0,0,True,False,0
uair,0.2,15,WARMUP,0.0417679050696397,0.0,0.020042194092827,0,0,True,False,0
uair,0.2,16,WARMUP,0.0413498186510464,0.0,0.0534458509142053,0,0,True,False,0
uair,0.2,17,WARMUP,0.0411911351822593,0.0,0.0467651195499296,0,0,True,False,0
uair,0.2,18,WARMUP,0.0412569370329103,0.0,0.040084388185654,0,0,True,False,0
uair,0.2,19,CERTIFIED,0.0413024324999557,0.0097478491307226,0.0734880450070323,0,0,True,False,0
uair,0.2,20,CERTIFIED,0.0416108030247897,0.0100562196555566,0.0334036568213783,0,0,True,False,0
uair,0.2,21,CERTIFIED,0.0418881232062791,0.010333539837046,0.050632911392405,0,0,True,False,0
uair,0.2,22,CERTIFIED,0.0421881146870935,0.0106335313178604,0.0354430379746835,0,0,True,False,0
uair,0.2,23,CERTIFIED,0.042617621816125,0.011063038446892,0.0354430379746835,0,0,True,False,0
uair,0.2,24,CERTIFIED,0.0430245075815593,0.0114699242123262,0.0455696202531645,0,0,True,False,0
uair,0.2,25,CERTIFIED,0.0435025949585097,0.0119480115892767,0.040506329113924,0,0,True,False,0
uair,0.2,26,CERTIFIED,0.0439230416029435,0.0123684582337105,0.0455696202531645,0,0,True,False,0
uair,0.2,27,CERTIFIED,0.04426440507611,0.0127098217068769,0.0253164556962025,0,0,True,False,0
uair,0.2,28,CERTIFIED,0.0444431007814054,0.0128885174121724,0.0189873417721518,0,0,True,False,0
uair,0.2,29,CERTIFIED,0.0444878208166071,0.012933237447374,0.0632911392405063,0,0,True,False,0
uair,0.2,30,CERTIFIED,0.0446519594475152,0.0130973760782822,0.0632911392405063,0,0,True,False,0
uair,0.2,31,CERTIFIED,0.0447200979463916,0.0131655145771585,0.0379746835443037,0,0,True,False,0
uair,0.2,32,CERTIFIED,0.0444270894320996,0.0128725060628665,0.0253164556962025,0,0,True,False,0
uair,0.2,33,CERTIFIED,0.0439856325629157,0.0124310491936827,0.0295358649789029,0,0,True,False,0
uair,0.2,34,CERTIFIED,0.0435719235459347,0.0120173401767016,0.0295358649789029,0,0,True,False,0
uair,0.2,35,CERTIFIED,0.043147887558025,0.0115933041887919,0.0738396624472573,0,0,True,False,0
uair,0.2,36,CERTIFIED,0.0428663193251458,0.0113117359559127,0.0443037974683544,0,0,True,False,0
uair,0.2,37,CERTIFIED,0.0424766947787444,0.0109221114095113,0.0738396624472573,0,0,True,False,0
uair,0.2,38,CERTIFIED,0.0420790475205062,0.0105244641512731,0.0959915611814345,0,0,True,False,0
uair,0.2,39,CERTIFIED,0.0419321521529072,0.0164763931436535,0.040084388185654,0,0,True,False,0
uair,0.2,40,CERTIFIED,0.0415636361602242,0.0161078771509705,0.060126582278481,0,0,True,False,0
uair,0.2,41,CERTIFIED,0.0413135085018911,0.0158577494926374,0.0534458509142053,0,0,True,False,0
uair,0.2,42,CERTIFIED,0.0413404401276535,0.0158846811183998,0.040084388185654,0,0,True,False,0
uair,0.2,43,CERTIFIED,0.0413661703657782,0.0159104113565245,0.0467651195499296,0,0,True,False,0
uair,0.2,44,CERTIFIED,0.0415396427597338,0.0160838837504801,0.080168776371308,0,0,True,False,0
uair,0.2,45,CERTIFIED,0.0419954728423864,0.0165397138331327,0.030379746835443,0,0,True,False,0
uair,0.2,46,CERTIFIED,0.0423000533484755,0.0168442943392218,0.040506329113924,0,0,True,False,0
uair,0.2,47,CERTIFIED,0.0425797628501207,0.017124003840867,0.030379746835443,0,0,True,False,0
uair,0.2,48,CERTIFIED,0.0430284834512699,0.0175727244420162,0.030379746835443,0,0,True,False,0
uair,0.2,49,CERTIFIED,0.043428505402652,0.0179727463933983,0.020253164556962,0,0,True,False,0
uair,0.2,50,CERTIFIED,0.0437866592858866,0.0183309002766329,0.040506329113924,0,0,True,False,0
uair,0.2,51,CERTIFIED,0.0057495729619889,0.0,0.0073839662447257,0,0,True,False,0
uair,0.2,52,CERTIFIED,0.0059366137854156,0.0,0.0052742616033755,0,0,True,False,0
