dataset,method,seed,RMSE_mu,MAE_mu,Tail_RMSE,RMSE_rho,comparison_class
SensorScope,Central-All,30001,7.631919857273092,7.3439116700112095,8.141893792446572,7.515065230525729,SCI_COMPARABLE_MAIN
SensorScope,Central-All,30002,7.5290244450118005,7.239060278846945,8.025850514884393,7.403104510479404,SCI_COMPARABLE_MAIN
SensorScope,Central-All,30003,7.549580482432374,7.260588084045968,8.052984120771619,7.417834987535684,SCI_COMPARABLE_MAIN
SensorScope,Central-All,30004,7.634555803698478,7.348590311021797,8.13801510952577,7.523165250352378,SCI_COMPARABLE_MAIN
SensorScope,Central-All,30005,7.690686096983783,7.402858212391876,8.205927880204435,7.591438921683523,SCI_COMPARABLE_MAIN
SensorScope,Central-All,30006,7.706705270577585,7.420179295280335,8.221615773952903,7.580990054311035,SCI_COMPARABLE_MAIN
SensorScope,Central-All,30007,7.560508632009502,7.2765759079713765,8.057658736815675,7.40281940277236,SCI_COMPARABLE_MAIN
SensorScope,Central-All,30008,7.577035853906441,7.289787601282394,8.08060698360529,7.449421557237484,SCI_COMPARABLE_MAIN
SensorScope,Central-All,30009,7.605651102217425,7.31728984752713,8.110207375242068,7.477806412772602,SCI_COMPARABLE_MAIN
SensorScope,Central-All,30010,7.673652923682784,7.385863573746996,8.187498775154348,7.56163136797888,SCI_COMPARABLE_MAIN
SensorScope,Central-All,30011,7.565249756015817,7.277384294139549,8.069160174281208,7.445097618983629,SCI_COMPARABLE_MAIN
SensorScope,Central-All,30012,7.574811899905716,7.286131923270415,8.082673016796363,7.485291761398511,SCI_COMPARABLE_MAIN
SensorScope,Central-All,30013,7.440270805237222,7.157020563956104,7.920997551050763,7.272048775607116,SCI_COMPARABLE_MAIN
SensorScope,Central-All,30014,7.6176223447909255,7.331339132854016,8.122005067017167,7.4855750753390655,SCI_COMPARABLE_MAIN
SensorScope,Central-All,30015,7.53612786378913,7.246876122239273,8.038609169375365,7.40560526277601,SCI_COMPARABLE_MAIN
SensorScope,Central-All,30016,7.514691299464239,7.22435939235339,8.017635330065612,7.390636493586967,SCI_COMPARABLE_MAIN
SensorScope,Central-All,30017,7.6740925990822895,7.389039482203009,8.18126140450998,7.518544796254807,SCI_COMPARABLE_MAIN
SensorScope,Central-All,30018,7.685437166176604,7.3972380568275495,8.201179134040355,7.541010627970722,SCI_COMPARABLE_MAIN
SensorScope,Central-All,30019,7.58688388845969,7.297122261673699,8.096023998297973,7.445280901561767,SCI_COMPARABLE_MAIN
SensorScope,Central-All,30020,7.652611460250528,7.365889958301471,8.160433708229144,7.500930683830356,SCI_COMPARABLE_MAIN
SensorScope,Central-Delivered,30001,7.971802306570611,7.6938228553567365,8.4929217524442,7.859781853826347,SCI_COMPARABLE_MAIN
SensorScope,Central-Delivered,30002,7.942843757116565,7.6635830652060974,8.45802695798977,7.810288094045633,SCI_COMPARABLE_MAIN
SensorScope,Central-Delivered,30003,7.914491273118262,7.637211590213778,8.430192545858503,7.789388573323372,SCI_COMPARABLE_MAIN
SensorScope,Central-Delivered,30004,7.9171183981707,7.637767646538684,8.436024995405422,7.803374221929207,SCI_COMPARABLE_MAIN
SensorScope,Central-Delivered,30005,8.016730027368233,7.738036305232793,8.540540047195993,7.927578261999989,SCI_COMPARABLE_MAIN
SensorScope,Central-Delivered,30006,7.793954227135963,7.510334469067676,8.308551405890809,7.658650372222727,SCI_COMPARABLE_MAIN
SensorScope,Central-Delivered,30007,8.029431295557153,7.754376067866749,8.551942946237805,7.8858359089807415,SCI_COMPARABLE_MAIN
SensorScope,Central-Delivered,30008,7.9571402205797375,7.680268690233056,8.475345567510946,7.8418020356898746,SCI_COMPARABLE_MAIN
SensorScope,Central-Delivered,30009,7.818176706484423,7.538284400146929,8.327142836991825,7.682511170001015,SCI_COMPARABLE_MAIN
SensorScope,Central-Delivered,30010,7.958601337075866,7.679507826002598,8.480420539476263,7.835945483463134,SCI_COMPARABLE_MAIN
SensorScope,Central-Delivered,30011,7.895973048419291,7.619446945263019,8.410139325310258,7.769248722653077,SCI_COMPARABLE_MAIN
SensorScope,Central-Delivered,30012,7.963194231097328,7.6854463053377735,8.483243799452188,7.874353853188036,SCI_COMPARABLE_MAIN
SensorScope,Central-Delivered,30013,7.890352465836433,7.6142258977374855,8.40106910570519,7.738286463889453,SCI_COMPARABLE_MAIN
SensorScope,Central-Delivered,30014,7.910023384516892,7.6323884083449105,8.425403651979199,7.782125435899923,SCI_COMPARABLE_MAIN
SensorScope,Central-Delivered,30015,7.985637513527815,7.709360240221159,8.50432550620597,7.859485390184481,SCI_COMPARABLE_MAIN
SensorScope,Central-Delivered,30016,7.949169218503295,7.670495983172705,8.469517288690989,7.848190968522483,SCI_COMPARABLE_MAIN
SensorScope,Central-Delivered,30017,7.7781593659477855,7.495908849621323,8.291599708469112,7.624486938640674,SCI_COMPARABLE_MAIN
SensorScope,Central-Delivered,30018,7.881525116213301,7.599324635770712,8.403823936824248,7.735584266067936,SCI_COMPARABLE_MAIN
SensorScope,Central-Delivered,30019,7.923066436965731,7.645243422568462,8.440139431943518,7.779533855982136,SCI_COMPARABLE_MAIN
SensorScope,Central-Delivered,30020,8.08505137927125,7.809326149853668,8.610547503917395,7.932609151156742,SCI_COMPARABLE_MAIN
SensorScope,Debt-Cal,30001,7.915297744846339,7.634731303910799,8.43733032819556,7.803333756069121,SCI_COMPARABLE_MAIN
SensorScope,Debt-Cal,30002,7.868494928723746,7.586832771154711,8.388877618972964,7.735986502913459,SCI_COMPARABLE_MAIN
SensorScope,Debt-Cal,30003,7.915956116525587,7.635553331694661,8.438038866573878,7.794760979138452,SCI_COMPARABLE_MAIN
SensorScope,Debt-Cal,30004,7.830731093991368,7.5471558301487764,8.3511748744646,7.716960334301696,SCI_COMPARABLE_MAIN
SensorScope,Debt-Cal,30005,8.013777181554202,7.736459281226106,8.538076134995732,7.9182792579297425,SCI_COMPARABLE_MAIN
SensorScope,Debt-Cal,30006,7.914806210401019,7.6346740155392805,8.436296380479247,7.789958292936604,SCI_COMPARABLE_MAIN
SensorScope,Debt-Cal,30007,7.998391477477126,7.7206728618203595,8.522475230948809,7.857184173120239,SCI_COMPARABLE_MAIN
SensorScope,Debt-Cal,30008,7.946054935626687,7.6674437363006,8.467427864615736,7.83644033728611,SCI_COMPARABLE_MAIN
SensorScope,Debt-Cal,30009,7.900221953277217,7.619655819886094,8.42112843116491,7.77421183490948,SCI_COMPARABLE_MAIN
SensorScope,Debt-Cal,30010,7.96456043249357,7.685839650244051,8.487490702339814,7.852465973734104,SCI_COMPARABLE_MAIN
SensorScope,Debt-Cal,30011,7.948722471514547,7.669589286274012,8.470993679172336,7.833723597401664,SCI_COMPARABLE_MAIN
SensorScope,Debt-Cal,30012,7.886975430801029,7.605639678546197,8.409259849001714,7.803127081869732,SCI_COMPARABLE_MAIN
SensorScope,Debt-Cal,30013,7.9821785383643515,7.704571162517561,8.504334334329574,7.83894914945014,SCI_COMPARABLE_MAIN
SensorScope,Debt-Cal,30014,7.946777976103045,7.6679545856607465,8.468521234063875,7.818109141937662,SCI_COMPARABLE_MAIN
SensorScope,Debt-Cal,30015,7.939142813744011,7.660300556719352,8.460275043691126,7.814810732790128,SCI_COMPARABLE_MAIN
SensorScope,Debt-Cal,30016,7.97873698486129,7.700715705109399,8.501287408004004,7.8713471882150134,SCI_COMPARABLE_MAIN
SensorScope,Debt-Cal,30017,7.989659523256059,7.7125390796632045,8.511667983386554,7.836779667588216,SCI_COMPARABLE_MAIN
SensorScope,Debt-Cal,30018,7.919663549105547,7.63925502643016,8.44211135548955,7.774671103909338,SCI_COMPARABLE_MAIN
SensorScope,Debt-Cal,30019,7.976403429895683,7.698772214330629,8.49871537540887,7.8424979383350655,SCI_COMPARABLE_MAIN
SensorScope,Debt-Cal,30020,7.961073907921165,7.682234566953093,8.48422867050567,7.812386118599507,SCI_COMPARABLE_MAIN
SensorScope,FedAsync-Window,30001,7.914987375753928,7.634368958825573,8.43705092187336,7.802938552105532,SCI_COMPARABLE_MAIN
SensorScope,FedAsync-Window,30002,7.875072256516806,7.593654471430922,8.395618439708233,7.742576671490351,SCI_COMPARABLE_MAIN
SensorScope,FedAsync-Window,30003,7.920228560548301,7.639981856525889,8.44233355044233,7.799179203015324,SCI_COMPARABLE_MAIN
SensorScope,FedAsync-Window,30004,7.828283781731355,7.5446180630928055,8.34865909482078,7.7144611948810455,SCI_COMPARABLE_MAIN
SensorScope,FedAsync-Window,30005,8.009084064298781,7.731618476492398,8.533315892406465,7.913470019282006,SCI_COMPARABLE_MAIN
SensorScope,FedAsync-Window,30006,7.914756223561028,7.634614312626317,8.43627401312147,7.789870079103317,SCI_COMPARABLE_MAIN
SensorScope,FedAsync-Window,30007,7.990422253394001,7.7124474839473365,8.51427362242784,7.849302103876529,SCI_COMPARABLE_MAIN
SensorScope,FedAsync-Window,30008,7.939971210751578,7.661155254129927,8.461223131854451,7.830185874706919,SCI_COMPARABLE_MAIN
SensorScope,FedAsync-Window,30009,7.898148127028958,7.617501159719626,8.419034902910798,7.7720428868251235,SCI_COMPARABLE_MAIN
SensorScope,FedAsync-Window,30010,7.958599699755578,7.679696077289876,8.481422045675345,7.846500810778456,SCI_COMPARABLE_MAIN
SensorScope,FedAsync-Window,30011,7.942397880228304,7.663047601132323,8.46452525620555,7.827324635947419,SCI_COMPARABLE_MAIN
SensorScope,FedAsync-Window,30012,7.889176801401133,7.607927108276848,8.411488695861465,7.805301253791392,SCI_COMPARABLE_MAIN
SensorScope,FedAsync-Window,30013,7.987333649396839,7.709910435464905,8.5095978971289,7.844130770026673,SCI_COMPARABLE_MAIN
SensorScope,FedAsync-Window,30014,7.936057400942964,7.656906839412433,8.457587146364185,7.807007501187439,SCI_COMPARABLE_MAIN
SensorScope,FedAsync-Window,30015,7.938973891901094,7.660164468935863,8.460062024423998,7.814440452647947,SCI_COMPARABLE_MAIN
SensorScope,FedAsync-Window,30016,7.9789585338384885,7.700958481021821,8.501496174138762,7.871593291470674,SCI_COMPARABLE_MAIN
SensorScope,FedAsync-Window,30017,7.999823392888205,7.723054501435541,8.522014604920997,7.847267721691193,SCI_COMPARABLE_MAIN
SensorScope,FedAsync-Window,30018,7.923934062683609,7.643675140736024,8.4464685687831,7.77884281481285,SCI_COMPARABLE_MAIN
SensorScope,FedAsync-Window,30019,7.978778827775458,7.701251566107939,8.501098246277566,7.8450882573614615,SCI_COMPARABLE_MAIN
SensorScope,FedAsync-Window,30020,7.956649588000647,7.67766074460824,8.479722205692006,7.807960498451931,SCI_COMPARABLE_MAIN
SensorScope,FedAvg-Window,30001,7.914361980993586,7.633722992619861,8.436411883047754,7.802312064846689,SCI_COMPARABLE_MAIN
SensorScope,FedAvg-Window,30002,7.874722976466658,7.593297605177114,8.395248039736773,7.742203444796572,SCI_COMPARABLE_MAIN
SensorScope,FedAvg-Window,30003,7.918432839360214,7.638114397687083,8.440531521874393,7.7973754585777275,SCI_COMPARABLE_MAIN
SensorScope,FedAvg-Window,30004,7.828085366096157,7.544412887252021,8.348456324985657,7.714260610711079,SCI_COMPARABLE_MAIN
SensorScope,FedAvg-Window,30005,8.009104445587706,7.731640552374804,8.533339198614089,7.913484536939733,SCI_COMPARABLE_MAIN
SensorScope,FedAvg-Window,30006,7.913759800938974,7.633581891070303,8.43525803356293,7.788873164587427,SCI_COMPARABLE_MAIN
SensorScope,FedAvg-Window,30007,7.991805174721638,7.713874734250927,8.51568383324728,7.850717606323112,SCI_COMPARABLE_MAIN
SensorScope,FedAvg-Window,30008,7.93821685746566,7.65933960204217,8.459437972471989,7.828415647474125,SCI_COMPARABLE_MAIN
SensorScope,FedAvg-Window,30009,7.8977270526415,7.617063839785432,8.418605397431817,7.771624065188194,SCI_COMPARABLE_MAIN
SensorScope,FedAvg-Window,30010,7.960143636628071,7.681291176225586,8.482995185113278,7.848064051032832,SCI_COMPARABLE_MAIN
SensorScope,FedAvg-Window,30011,7.942042472328478,7.662680456774724,8.464162699599953,7.82695979996041,SCI_COMPARABLE_MAIN
SensorScope,FedAvg-Window,30012,7.889177600892373,7.60792733229079,8.411487062537242,7.8053128748287035,SCI_COMPARABLE_MAIN
SensorScope,FedAvg-Window,30013,7.987182829768198,7.709753047294111,8.509439670936864,7.843971111544674,SCI_COMPARABLE_MAIN
SensorScope,FedAvg-Window,30014,7.936916494423676,7.657795594654722,8.458460511976655,7.807915826348736,SCI_COMPARABLE_MAIN
SensorScope,FedAvg-Window,30015,7.938771535871757,7.659954710122782,8.459857005349598,7.814238338412463,SCI_COMPARABLE_MAIN
SensorScope,FedAvg-Window,30016,7.9786080448334875,7.700596110731893,8.501138809660661,7.871249752354542,SCI_COMPARABLE_MAIN
SensorScope,FedAvg-Window,30017,7.998586597463677,7.72177518241025,8.520760255821015,7.846008592598911,SCI_COMPARABLE_MAIN
SensorScope,FedAvg-Window,30018,7.925135637937268,7.644914934358601,8.447702990640868,7.780018440209687,SCI_COMPARABLE_MAIN
SensorScope,FedAvg-Window,30019,7.9788604021904135,7.701335202643037,8.501181469477006,7.845188853582561,SCI_COMPARABLE_MAIN
SensorScope,FedAvg-Window,30020,7.956226309103518,7.6772221489167025,8.47929021527695,7.807531233091772,SCI_COMPARABLE_MAIN
SensorScope,TimeAlign-Agg,30001,7.914880089294206,7.6342710514822665,8.436923497511652,7.802776968180529,SCI_COMPARABLE_MAIN
SensorScope,TimeAlign-Agg,30002,7.875861484856878,7.594474331259972,8.39641583726208,7.743361240103426,SCI_COMPARABLE_MAIN
SensorScope,TimeAlign-Agg,30003,7.922300512510099,7.6421183185001285,8.4444533764626,7.801366836587688,SCI_COMPARABLE_MAIN
SensorScope,TimeAlign-Agg,30004,7.826949788805037,7.54323661754672,8.34730062813541,7.713127169322873,SCI_COMPARABLE_MAIN
SensorScope,TimeAlign-Agg,30005,8.00955586945474,7.732109642709897,8.533796830881485,7.91392996920407,SCI_COMPARABLE_MAIN
SensorScope,TimeAlign-Agg,30006,7.9145820332068135,7.634431188603219,8.436098794390999,7.789693934527663,SCI_COMPARABLE_MAIN
SensorScope,TimeAlign-Agg,30007,7.991214696136555,7.713274267940145,8.515063249238823,7.8501185026976,SCI_COMPARABLE_MAIN
SensorScope,TimeAlign-Agg,30008,7.940062903959316,7.661250723501787,8.461315982276027,7.830270164069112,SCI_COMPARABLE_MAIN
SensorScope,TimeAlign-Agg,30009,7.897109457901864,7.616428845628074,8.417968905846475,7.771004509101654,SCI_COMPARABLE_MAIN
SensorScope,TimeAlign-Agg,30010,7.957538723965988,7.678597228819324,8.480345259974841,7.845432177966721,SCI_COMPARABLE_MAIN
SensorScope,TimeAlign-Agg,30011,7.943132745901646,7.663807873481884,8.465271229284902,7.828066535093819,SCI_COMPARABLE_MAIN
SensorScope,TimeAlign-Agg,30012,7.889211113238191,7.607957727681577,8.411526232196792,7.80535463415333,SCI_COMPARABLE_MAIN
SensorScope,TimeAlign-Agg,30013,7.984108663060393,7.706572965943793,8.50632042515541,7.8409499653956845,SCI_COMPARABLE_MAIN
SensorScope,TimeAlign-Agg,30014,7.939261849172708,7.660219471807062,8.460838932408219,7.81033601552391,SCI_COMPARABLE_MAIN
SensorScope,TimeAlign-Agg,30015,7.939825152541122,7.6610449834920065,8.460929066000894,7.815294860114456,SCI_COMPARABLE_MAIN
SensorScope,TimeAlign-Agg,30016,7.977926742508984,7.699890274517833,8.5004502407395,7.870553751025784,SCI_COMPARABLE_MAIN
SensorScope,TimeAlign-Agg,30017,7.998245245485566,7.721422139760539,8.520414334071404,7.845666517290744,SCI_COMPARABLE_MAIN
SensorScope,TimeAlign-Agg,30018,7.932660739750634,7.652705014347861,8.455357394881172,7.787568415993739,SCI_COMPARABLE_MAIN
SensorScope,TimeAlign-Agg,30019,7.980053233751013,7.702570290541725,8.502393193432804,7.846391308506392,SCI_COMPARABLE_MAIN
SensorScope,TimeAlign-Agg,30020,7.9558402632000265,7.676822107670839,8.478900135770365,7.807134639984787,SCI_COMPARABLE_MAIN
SensorScope,Inst-Cal,30001,7.9138595586894525,7.633232053459898,8.435865608569832,7.8019239167279695,SCI_COMPARABLE_MAIN
SensorScope,Inst-Cal,30002,7.871141994900741,7.589568145876237,8.39158565790439,7.738641010258082,SCI_COMPARABLE_MAIN
SensorScope,Inst-Cal,30003,7.912758746249393,7.632273941718069,8.434695206664735,7.79160085789062,SCI_COMPARABLE_MAIN
SensorScope,Inst-Cal,30004,7.819585724710081,7.535598332295544,8.339821941196146,7.705761652013659,SCI_COMPARABLE_MAIN
SensorScope,Inst-Cal,30005,8.018991805677423,7.741864612346175,8.543365234092137,7.923489497166489,SCI_COMPARABLE_MAIN
SensorScope,Inst-Cal,30006,7.918409897470545,7.638397775112681,8.439968414754194,7.793622110649066,SCI_COMPARABLE_MAIN
SensorScope,Inst-Cal,30007,7.980055276933999,7.701804145972821,8.503612658693719,7.838675209991504,SCI_COMPARABLE_MAIN
SensorScope,Inst-Cal,30008,7.936454136433752,7.657503725161382,8.457683988143774,7.826697964742685,SCI_COMPARABLE_MAIN
SensorScope,Inst-Cal,30009,7.899656852105435,7.619061222128903,8.420538108848818,7.773731982918571,SCI_COMPARABLE_MAIN
SensorScope,Inst-Cal,30010,7.976403808640745,7.69807583104398,8.49955907253527,7.86442977548973,SCI_COMPARABLE_MAIN
SensorScope,Inst-Cal,30011,7.943951001962901,7.6646483147636415,8.466143536818473,7.828890901946941,SCI_COMPARABLE_MAIN
SensorScope,Inst-Cal,30012,7.879431706770402,7.597827266820283,8.401587608470034,7.795626949882927,SCI_COMPARABLE_MAIN
SensorScope,Inst-Cal,30013,7.975035433934857,7.69720181356017,8.497062944675545,7.8318684272446175,SCI_COMPARABLE_MAIN
SensorScope,Inst-Cal,30014,7.936400678845842,7.657206869462604,8.45799326786547,7.807821303869219,SCI_COMPARABLE_MAIN
SensorScope,Inst-Cal,30015,7.934869912248156,7.655902261839152,8.455905846634954,7.810549501238871,SCI_COMPARABLE_MAIN
SensorScope,Inst-Cal,30016,7.97901657987022,7.701001627388681,8.50156777475357,7.871654962279266,SCI_COMPARABLE_MAIN
SensorScope,Inst-Cal,30017,7.988633195875219,7.711481211148962,8.510643062825155,7.835718743723182,SCI_COMPARABLE_MAIN
SensorScope,Inst-Cal,30018,7.937872934841865,7.658097346291388,8.460674554428245,7.792904427491064,SCI_COMPARABLE_MAIN
SensorScope,Inst-Cal,30019,7.977216830553722,7.699611848523327,8.499545111488915,7.843370219866058,SCI_COMPARABLE_MAIN
SensorScope,Inst-Cal,30020,7.960065298809859,7.68120103247698,8.483191129259987,7.811327350140629,SCI_COMPARABLE_MAIN
SensorScope,Local-Hajek,30001,7.914361980993586,7.633722992619861,8.436411883047754,7.802312064846689,SCI_COMPARABLE_MAIN
SensorScope,Local-Hajek,30002,7.874722976466658,7.593297605177114,8.395248039736773,7.742203444796572,SCI_COMPARABLE_MAIN
SensorScope,Local-Hajek,30003,7.918432839360214,7.638114397687083,8.440531521874393,7.7973754585777275,SCI_COMPARABLE_MAIN
SensorScope,Local-Hajek,30004,7.828085366096157,7.544412887252021,8.348456324985657,7.714260610711079,SCI_COMPARABLE_MAIN
SensorScope,Local-Hajek,30005,8.009104445587706,7.731640552374804,8.533339198614089,7.913484536939733,SCI_COMPARABLE_MAIN
SensorScope,Local-Hajek,30006,7.913759800938974,7.633581891070303,8.43525803356293,7.788873164587427,SCI_COMPARABLE_MAIN
SensorScope,Local-Hajek,30007,7.991805174721638,7.713874734250927,8.51568383324728,7.850717606323112,SCI_COMPARABLE_MAIN
SensorScope,Local-Hajek,30008,7.93821685746566,7.65933960204217,8.459437972471989,7.828415647474125,SCI_COMPARABLE_MAIN
SensorScope,Local-Hajek,30009,7.8977270526415,7.617063839785432,8.418605397431817,7.771624065188194,SCI_COMPARABLE_MAIN
SensorScope,Local-Hajek,30010,7.960143636628071,7.681291176225586,8.482995185113278,7.848064051032832,SCI_COMPARABLE_MAIN
SensorScope,Local-Hajek,30011,7.942042472328478,7.662680456774724,8.464162699599953,7.82695979996041,SCI_COMPARABLE_MAIN
SensorScope,Local-Hajek,30012,7.889177600892373,7.60792733229079,8.411487062537242,7.8053128748287035,SCI_COMPARABLE_MAIN
SensorScope,Local-Hajek,30013,7.987182829768198,7.709753047294111,8.509439670936864,7.843971111544674,SCI_COMPARABLE_MAIN
SensorScope,Local-Hajek,30014,7.936916494423676,7.657795594654722,8.458460511976655,7.807915826348736,SCI_COMPARABLE_MAIN
SensorScope,Local-Hajek,30015,7.938771535871757,7.659954710122782,8.459857005349598,7.814238338412463,SCI_COMPARABLE_MAIN
SensorScope,Local-Hajek,30016,7.9786080448334875,7.700596110731893,8.501138809660661,7.871249752354542,SCI_COMPARABLE_MAIN
SensorScope,Local-Hajek,30017,7.998586597463677,7.72177518241025,8.520760255821015,7.846008592598911,SCI_COMPARABLE_MAIN
SensorScope,Local-Hajek,30018,7.925135637937268,7.644914934358601,8.447702990640868,7.780018440209687,SCI_COMPARABLE_MAIN
SensorScope,Local-Hajek,30019,7.9788604021904135,7.701335202643037,8.501181469477006,7.845188853582561,SCI_COMPARABLE_MAIN
SensorScope,Local-Hajek,30020,7.956226309103518,7.6772221489167025,8.47929021527695,7.807531233091772,SCI_COMPARABLE_MAIN
SensorScope,RAVEN-MCS,30001,7.913791224192832,7.633159593576259,8.435797825584572,7.801855666147338,SCI_COMPARABLE_MAIN
SensorScope,RAVEN-MCS,30002,7.8711066009172805,7.589531320023162,8.391550167743068,7.738605756197323,SCI_COMPARABLE_MAIN
SensorScope,RAVEN-MCS,30003,7.912752449814846,7.632267456724252,8.434688763977029,7.791594670013219,SCI_COMPARABLE_MAIN
SensorScope,RAVEN-MCS,30004,7.819513648080064,7.535523621900127,8.339748625893078,7.705689200668822,SCI_COMPARABLE_MAIN
SensorScope,RAVEN-MCS,30005,8.019002765163714,7.7418759712948795,8.54337621580202,7.923500997661335,SCI_COMPARABLE_MAIN
SensorScope,RAVEN-MCS,30006,7.918400910463253,7.638388506236734,8.43995924857205,7.793612608956455,SCI_COMPARABLE_MAIN
SensorScope,RAVEN-MCS,30007,7.979988410761757,7.7017350799051165,8.503544409695078,7.8386074782871304,SCI_COMPARABLE_MAIN
SensorScope,RAVEN-MCS,30008,7.936410201989762,7.6574582001628,8.457640591406184,7.8266529707303505,SCI_COMPARABLE_MAIN
SensorScope,RAVEN-MCS,30009,7.899599273822839,7.619002113598843,8.420478288771312,7.773673142377663,SCI_COMPARABLE_MAIN
SensorScope,RAVEN-MCS,30010,7.976430767879946,7.698103722297087,8.499586507857362,7.86445749095283,SCI_COMPARABLE_MAIN
SensorScope,RAVEN-MCS,30011,7.943988598407923,7.6646872138778726,8.466181763612814,7.828928931224979,SCI_COMPARABLE_MAIN
SensorScope,RAVEN-MCS,30012,7.879424097815838,7.59781945310527,8.401580226069179,7.795618270447375,SCI_COMPARABLE_MAIN
SensorScope,RAVEN-MCS,30013,7.9749815903925185,7.6971463698702,8.497007724031022,7.831813952211505,SCI_COMPARABLE_MAIN
SensorScope,RAVEN-MCS,30014,7.936370229252201,7.657175726388846,8.457964569118527,7.807782700573371,SCI_COMPARABLE_MAIN
SensorScope,RAVEN-MCS,30015,7.934870398845457,7.655902759868952,8.45590641716162,7.8105496356571615,SCI_COMPARABLE_MAIN
SensorScope,RAVEN-MCS,30016,7.9790184154104775,7.7010034865040895,8.501569752267873,7.871656715287876,SCI_COMPARABLE_MAIN
SensorScope,RAVEN-MCS,30017,7.98882202891608,7.711676091934246,8.51083409158464,7.8359073979669525,SCI_COMPARABLE_MAIN
SensorScope,RAVEN-MCS,30018,7.937892494352546,7.658117601619509,8.460694400775639,7.792924061424278,SCI_COMPARABLE_MAIN
SensorScope,RAVEN-MCS,30019,7.977336595186988,7.699735856679402,8.499666755758653,7.843491622327048,SCI_COMPARABLE_MAIN
SensorScope,RAVEN-MCS,30020,7.960076276049351,7.681212374413888,8.483202277351184,7.81133867919456,SCI_COMPARABLE_MAIN
SensorScope,RAVEN-SimOracle,30001,7.903624828633094,7.622652340515885,8.42544030485206,7.791518092489692,SCI_COMPARABLE_MAIN
SensorScope,RAVEN-SimOracle,30002,7.876511174212882,7.595131396355807,8.397064187714344,7.744039247134476,SCI_COMPARABLE_MAIN
SensorScope,RAVEN-SimOracle,30003,7.913179798625236,7.632697040721703,8.435180925824028,7.792007112238179,SCI_COMPARABLE_MAIN
SensorScope,RAVEN-SimOracle,30004,7.826693459008727,7.5429672640160526,8.34705281891688,7.712902695919561,SCI_COMPARABLE_MAIN
SensorScope,RAVEN-SimOracle,30005,8.01642006732494,7.739194182822655,8.540755470519873,7.920985592251585,SCI_COMPARABLE_MAIN
SensorScope,RAVEN-SimOracle,30006,7.922593856132975,7.642729847429976,8.444216285878747,7.797875394936441,SCI_COMPARABLE_MAIN
SensorScope,RAVEN-SimOracle,30007,7.977260355375308,7.698934901525313,8.50073046150579,7.8358366899349265,SCI_COMPARABLE_MAIN
SensorScope,RAVEN-SimOracle,30008,7.924260291856048,7.644877717987768,8.445295046353696,7.814254646479849,SCI_COMPARABLE_MAIN
SensorScope,RAVEN-SimOracle,30009,7.898069757702117,7.617411585952862,8.418942502491815,7.7721713023164805,SCI_COMPARABLE_MAIN
SensorScope,RAVEN-SimOracle,30010,7.9749430801645875,7.696572755750406,8.498054373553089,7.862925333451024,SCI_COMPARABLE_MAIN
SensorScope,RAVEN-SimOracle,30011,7.945272612755922,7.666013222343373,8.467483950138645,7.830248988832082,SCI_COMPARABLE_MAIN
SensorScope,RAVEN-SimOracle,30012,7.886282632095165,7.604918495874212,8.408569428939627,7.802500297125293,SCI_COMPARABLE_MAIN
SensorScope,RAVEN-SimOracle,30013,7.968914114974906,7.690881613298338,8.490828908923962,7.825754532714515,SCI_COMPARABLE_MAIN
SensorScope,RAVEN-SimOracle,30014,7.93988863953587,7.660821987317472,8.461500663645998,7.811305357677778,SCI_COMPARABLE_MAIN
SensorScope,RAVEN-SimOracle,30015,7.931455157175274,7.652359224522092,8.45244384593461,7.807140420088151,SCI_COMPARABLE_MAIN
SensorScope,RAVEN-SimOracle,30016,7.979607334697195,7.7016108976938655,8.502179197576666,7.87227499550926,SCI_COMPARABLE_MAIN
SensorScope,RAVEN-SimOracle,30017,7.983873986869776,7.706552988382766,8.505807374906228,7.8308766875285665,SCI_COMPARABLE_MAIN
SensorScope,RAVEN-SimOracle,30018,7.9327050750571475,7.652748636837956,8.455415485320705,7.787747493602655,SCI_COMPARABLE_MAIN
SensorScope,RAVEN-SimOracle,30019,7.985530588235937,7.708225872938372,8.507989209800124,7.851856877760924,SCI_COMPARABLE_MAIN
SensorScope,RAVEN-SimOracle,30020,7.959877618753752,7.681001743485223,8.483004886973076,7.811114394005788,SCI_COMPARABLE_MAIN
SensorScope,TwoStage-Hajek,30001,7.894265663491522,7.612934017906731,8.41593159442724,7.781996109129245,SCI_COMPARABLE_MAIN
SensorScope,TwoStage-Hajek,30002,7.875661695052842,7.594292026711157,8.396176060431428,7.742915614548455,SCI_COMPARABLE_MAIN
SensorScope,TwoStage-Hajek,30003,7.883414549628482,7.601805088818396,8.40500783566052,7.762539924796976,SCI_COMPARABLE_MAIN
SensorScope,TwoStage-Hajek,30004,7.80749755970464,7.523078259164161,8.327466827746603,7.693714065142585,SCI_COMPARABLE_MAIN
SensorScope,TwoStage-Hajek,30005,8.043574806861333,7.76729271173351,8.568393588589181,7.948348925056429,SCI_COMPARABLE_MAIN
SensorScope,TwoStage-Hajek,30006,7.908274698582147,7.627879395622624,8.429679324801016,7.783384860479356,SCI_COMPARABLE_MAIN
SensorScope,TwoStage-Hajek,30007,7.969799259077954,7.691124311867286,8.493135829157692,7.828928335565749,SCI_COMPARABLE_MAIN
SensorScope,TwoStage-Hajek,30008,7.911893756322189,7.632096897459958,8.432705649856963,7.801937507750586,SCI_COMPARABLE_MAIN
SensorScope,TwoStage-Hajek,30009,7.921197028425847,7.64131815788382,8.442454898717466,7.795893960246159,SCI_COMPARABLE_MAIN
SensorScope,TwoStage-Hajek,30010,8.00406875901196,7.72666286709726,8.52771102427811,7.8925366387199185,SCI_COMPARABLE_MAIN
SensorScope,TwoStage-Hajek,30011,7.923369817284935,7.643338676913967,8.44520190782971,7.807959257918126,SCI_COMPARABLE_MAIN
SensorScope,TwoStage-Hajek,30012,7.869724292887455,7.587777334064883,8.39168808442989,7.785942203210426,SCI_COMPARABLE_MAIN
SensorScope,TwoStage-Hajek,30013,7.937021578301567,7.657703360605958,8.458634413664717,7.793762789912278,SCI_COMPARABLE_MAIN
SensorScope,TwoStage-Hajek,30014,7.9102377367977965,7.6301798033117745,8.43147653452814,7.781321395655127,SCI_COMPARABLE_MAIN
SensorScope,TwoStage-Hajek,30015,7.905632832490777,7.625617597328542,8.426151513290467,7.780682395802043,SCI_COMPARABLE_MAIN
SensorScope,TwoStage-Hajek,30016,7.9610518549182805,7.682363854450745,8.483359185665718,7.853243087749962,SCI_COMPARABLE_MAIN
SensorScope,TwoStage-Hajek,30017,7.9897059930796965,7.712588730392388,8.511690009260056,7.836984960535536,SCI_COMPARABLE_MAIN
SensorScope,TwoStage-Hajek,30018,7.955215225703562,7.676018822538303,8.478365902481851,7.81012828067553,SCI_COMPARABLE_MAIN
SensorScope,TwoStage-Hajek,30019,7.981601891519884,7.704133602392819,8.504027732617892,7.847732124870132,SCI_COMPARABLE_MAIN
SensorScope,TwoStage-Hajek,30020,7.9640301237310895,7.685330847133972,8.487186265521576,7.815012262908836,SCI_COMPARABLE_MAIN
U-Air,Central-All,30001,1.0872015119577474,0.9900611221761941,1.0888827395296283,1.0658948776997548,SCI_COMPARABLE_MAIN
U-Air,Central-All,30002,1.0562606314188165,0.9561985798813022,1.0583723616614045,1.015158630310345,SCI_COMPARABLE_MAIN
U-Air,Central-All,30003,1.0082967960856013,0.9124886281076198,1.0087982520670957,0.9849189060023826,SCI_COMPARABLE_MAIN
U-Air,Central-All,30004,1.0307053149539547,0.9349930250749082,1.035818471379968,0.9761644922949242,SCI_COMPARABLE_MAIN
U-Air,Central-All,30005,1.0545532465997862,0.9546090156242,1.054711685738264,1.0273152308565532,SCI_COMPARABLE_MAIN
U-Air,Central-All,30006,1.0056082722998898,0.9041312492840584,1.0043606060023191,0.9595282400683736,SCI_COMPARABLE_MAIN
U-Air,Central-All,30007,1.0633755395783444,0.9642004583688797,1.0677586486756412,1.0290939622124196,SCI_COMPARABLE_MAIN
U-Air,Central-All,30008,1.1192113992532249,1.0188760009092608,1.1268404309485904,1.0867254530535002,SCI_COMPARABLE_MAIN
U-Air,Central-All,30009,1.042494340536626,0.9446275733739318,1.0419654583780067,1.0009408075419937,SCI_COMPARABLE_MAIN
U-Air,Central-All,30010,1.0549587173447246,0.9573108312618136,1.056536671103728,1.0324931790876255,SCI_COMPARABLE_MAIN
U-Air,Central-All,30011,1.1729000788207107,1.0770351330657353,1.1819723066985917,1.1240948290616537,SCI_COMPARABLE_MAIN
U-Air,Central-All,30012,1.0467709768126028,0.9489276087096161,1.0482380932278998,1.0081898967257723,SCI_COMPARABLE_MAIN
U-Air,Central-All,30013,1.029947688978357,0.9303873923749153,1.0313996768320262,1.010134067518525,SCI_COMPARABLE_MAIN
U-Air,Central-All,30014,1.129136370937662,1.0308545831896456,1.1343375109761389,1.0830611990646852,SCI_COMPARABLE_MAIN
U-Air,Central-All,30015,1.062404737011797,0.9655900749133481,1.0623510353274552,1.0360862727228481,SCI_COMPARABLE_MAIN
U-Air,Central-All,30016,1.0207326330376567,0.9248513482122938,1.020463401977768,1.004892674585954,SCI_COMPARABLE_MAIN
U-Air,Central-All,30017,1.0213491978934013,0.9236448444287366,1.0206618844212014,0.9963449279796555,SCI_COMPARABLE_MAIN
U-Air,Central-All,30018,1.1620776825164334,1.0647923669390569,1.1656672865753046,1.0997252592495153,SCI_COMPARABLE_MAIN
U-Air,Central-All,30019,1.0075252918912094,0.9107791714416413,1.0059734442462984,0.9732935509000572,SCI_COMPARABLE_MAIN
U-Air,Central-All,30020,0.9359079415437247,0.8407062630650429,0.9373865375706428,0.9139651576015307,SCI_COMPARABLE_MAIN
U-Air,Central-Delivered,30001,1.327415800209486,1.2327191674520255,1.3422382068437166,1.26988059725255,SCI_COMPARABLE_MAIN
U-Air,Central-Delivered,30002,1.1196045403422177,1.0208582429753812,1.1229341080160486,1.0701563540838144,SCI_COMPARABLE_MAIN
U-Air,Central-Delivered,30003,1.1036580513203382,1.008938357580933,1.1106760862907998,1.0594926554606199,SCI_COMPARABLE_MAIN
U-Air,Central-Delivered,30004,1.1815863921140497,1.0855237491744676,1.1968021690032746,1.1057447862849306,SCI_COMPARABLE_MAIN
U-Air,Central-Delivered,30005,1.1356030434014857,1.0377750110051598,1.14459520516275,1.0984375695577755,SCI_COMPARABLE_MAIN
U-Air,Central-Delivered,30006,1.1138818101029482,1.009504307212971,1.1258954713797384,1.0539513346900256,SCI_COMPARABLE_MAIN
U-Air,Central-Delivered,30007,1.1501236758685647,1.0482009427949739,1.1609260101798895,1.1021741084211312,SCI_COMPARABLE_MAIN
U-Air,Central-Delivered,30008,0.999738700188794,0.906166038041303,1.0025575710164234,0.9825723160976049,SCI_COMPARABLE_MAIN
U-Air,Central-Delivered,30009,1.2241605899223322,1.126557514061239,1.2369309665837223,1.1529244520270399,SCI_COMPARABLE_MAIN
U-Air,Central-Delivered,30010,1.117615597847526,1.0198736741093133,1.124732836346768,1.0787153535156564,SCI_COMPARABLE_MAIN
U-Air,Central-Delivered,30011,1.4087317479532686,1.3125563750946192,1.4250774954156777,1.327592723389841,SCI_COMPARABLE_MAIN
U-Air,Central-Delivered,30012,1.0566519638039589,0.9600498047453524,1.0628578261895467,1.0088911846515811,SCI_COMPARABLE_MAIN
U-Air,Central-Delivered,30013,1.1426496912164286,1.042743598372489,1.1507347223037538,1.1111470452678214,SCI_COMPARABLE_MAIN
U-Air,Central-Delivered,30014,1.3517861978362347,1.2507473140824605,1.3633208102280694,1.2744664000851849,SCI_COMPARABLE_MAIN
U-Air,Central-Delivered,30015,1.2128963085760764,1.1161297249999764,1.2223615086733388,1.1568563479844292,SCI_COMPARABLE_MAIN
U-Air,Central-Delivered,30016,1.112362772000249,1.009643206414747,1.1182956943422573,1.0794229808545157,SCI_COMPARABLE_MAIN
U-Air,Central-Delivered,30017,1.2143044212415797,1.1164000530462208,1.2296571948835873,1.1663328569863682,SCI_COMPARABLE_MAIN
U-Air,Central-Delivered,30018,1.1880704287859774,1.0925408825630967,1.1927274873865406,1.1207962252688513,SCI_COMPARABLE_MAIN
U-Air,Central-Delivered,30019,1.1977342607759849,1.0998681244437045,1.2079545939155838,1.1312979736333773,SCI_COMPARABLE_MAIN
U-Air,Central-Delivered,30020,1.2045337901375788,1.1036943418411682,1.2238518373085203,1.1416615496651488,SCI_COMPARABLE_MAIN
U-Air,Debt-Cal,30001,1.2046684237735026,1.1030040169676676,1.2133694775676316,1.1662901862512605,SCI_COMPARABLE_MAIN
U-Air,Debt-Cal,30002,1.1638664039047577,1.0631309322015694,1.1708288267867026,1.1251099087385599,SCI_COMPARABLE_MAIN
U-Air,Debt-Cal,30003,1.1563654455627905,1.0570149628177572,1.163411218023127,1.1162373213995456,SCI_COMPARABLE_MAIN
U-Air,Debt-Cal,30004,1.2357492731617359,1.1337241665346587,1.2475159130971274,1.1650753225633819,SCI_COMPARABLE_MAIN
U-Air,Debt-Cal,30005,1.038949014104803,0.9398618504084346,1.0386479295919258,1.0225745126651842,SCI_COMPARABLE_MAIN
U-Air,Debt-Cal,30006,1.2795047823122627,1.17685474578933,1.293157303884549,1.2212777325500603,SCI_COMPARABLE_MAIN
U-Air,Debt-Cal,30007,1.1443603420506454,1.0436550146694143,1.150491661850634,1.111429324607066,SCI_COMPARABLE_MAIN
U-Air,Debt-Cal,30008,1.1465167967360246,1.046775569200964,1.1532101399925077,1.1167473114028874,SCI_COMPARABLE_MAIN
U-Air,Debt-Cal,30009,1.2188407311223484,1.1180859305761695,1.2299088495314678,1.1714447676037905,SCI_COMPARABLE_MAIN
U-Air,Debt-Cal,30010,1.1977618636710319,1.0963526039336804,1.2073696456109724,1.1590483864824555,SCI_COMPARABLE_MAIN
U-Air,Debt-Cal,30011,1.1833380390315764,1.0833675815645831,1.1925788156128512,1.1533601800532105,SCI_COMPARABLE_MAIN
U-Air,Debt-Cal,30012,1.2771724285872175,1.1755268221183133,1.2901682331306226,1.2409230407979879,SCI_COMPARABLE_MAIN
U-Air,Debt-Cal,30013,1.2284788682289685,1.1274749918382547,1.2398645360190452,1.1958867952662942,SCI_COMPARABLE_MAIN
U-Air,Debt-Cal,30014,1.1073723210255382,1.007880013396914,1.1104788593283736,1.0820415141416937,SCI_COMPARABLE_MAIN
U-Air,Debt-Cal,30015,1.1707615295039573,1.0703350139007277,1.1782773372386848,1.1404434178972456,SCI_COMPARABLE_MAIN
U-Air,Debt-Cal,30016,1.1644618391293844,1.0633479792060512,1.1709105995398508,1.1396626144366313,SCI_COMPARABLE_MAIN
U-Air,Debt-Cal,30017,1.2710084082776063,1.1687552865976858,1.2844852872330002,1.2316966722482359,SCI_COMPARABLE_MAIN
U-Air,Debt-Cal,30018,1.1242410101389166,1.0251220031076618,1.12839459745299,1.0868585251587042,SCI_COMPARABLE_MAIN
U-Air,Debt-Cal,30019,1.1687518449181902,1.0684182026515243,1.1771773571356658,1.1218119918661682,SCI_COMPARABLE_MAIN
U-Air,Debt-Cal,30020,1.30419434330037,1.2017748221240583,1.3191466318706164,1.2566412001953555,SCI_COMPARABLE_MAIN
U-Air,FedAsync-Window,30001,1.2104832547499487,1.1087719676313654,1.2195182652011742,1.171370368474933,SCI_COMPARABLE_MAIN
U-Air,FedAsync-Window,30002,1.1492679228748912,1.048664789118555,1.155427742768458,1.1111276201913842,SCI_COMPARABLE_MAIN
U-Air,FedAsync-Window,30003,1.1606770658974113,1.06129649573136,1.1679621457986382,1.120102221141604,SCI_COMPARABLE_MAIN
U-Air,FedAsync-Window,30004,1.229705002313875,1.1278251662074914,1.2412238226398158,1.1599739480592808,SCI_COMPARABLE_MAIN
U-Air,FedAsync-Window,30005,1.052452227197689,0.9533778505800569,1.0531863679436533,1.0347630115321962,SCI_COMPARABLE_MAIN
U-Air,FedAsync-Window,30006,1.2858644723078287,1.1831420044544092,1.299836503571814,1.2273285168939274,SCI_COMPARABLE_MAIN
U-Air,FedAsync-Window,30007,1.1456207513485255,1.0449274704962765,1.1518503116737995,1.1124552625189428,SCI_COMPARABLE_MAIN
U-Air,FedAsync-Window,30008,1.146271548628807,1.0465561232201526,1.1529666340363611,1.1165567591212053,SCI_COMPARABLE_MAIN
U-Air,FedAsync-Window,30009,1.240757559332276,1.139608460588232,1.252891280649146,1.1918072233735852,SCI_COMPARABLE_MAIN
U-Air,FedAsync-Window,30010,1.1999462581628906,1.0985557841833438,1.209686456271872,1.1609131932688856,SCI_COMPARABLE_MAIN
U-Air,FedAsync-Window,30011,1.1394864716286106,1.0399649028098834,1.1461507225944574,1.1122993555389524,SCI_COMPARABLE_MAIN
U-Air,FedAsync-Window,30012,1.2755084658093414,1.1737960184715106,1.2883762726448853,1.2392096709318319,SCI_COMPARABLE_MAIN
U-Air,FedAsync-Window,30013,1.2230062886569633,1.122088787918254,1.2341103011011412,1.190811962650721,SCI_COMPARABLE_MAIN
U-Air,FedAsync-Window,30014,1.113113748967413,1.0135960952442082,1.116620966600383,1.087163235096293,SCI_COMPARABLE_MAIN
U-Air,FedAsync-Window,30015,1.179492166467132,1.0788730900653027,1.1874331400422937,1.1481421185739118,SCI_COMPARABLE_MAIN
U-Air,FedAsync-Window,30016,1.1669128570592848,1.0657121826336238,1.1734536281096266,1.1421196913764267,SCI_COMPARABLE_MAIN
U-Air,FedAsync-Window,30017,1.2565820182627332,1.154681321601089,1.2693646604471291,1.2183010737440156,SCI_COMPARABLE_MAIN
U-Air,FedAsync-Window,30018,1.1226655702758204,1.0235479864336208,1.1267221365655633,1.0854389215204812,SCI_COMPARABLE_MAIN
U-Air,FedAsync-Window,30019,1.1622769666720667,1.0620085619394284,1.1703543339650857,1.1158646290515537,SCI_COMPARABLE_MAIN
U-Air,FedAsync-Window,30020,1.3054982157494621,1.2030884767249204,1.3205168147613655,1.257829232825954,SCI_COMPARABLE_MAIN
U-Air,FedAvg-Window,30001,1.210848485707097,1.1091418070484749,1.2199078552171159,1.1716900794124994,SCI_COMPARABLE_MAIN
U-Air,FedAvg-Window,30002,1.148046894011529,1.047447742298983,1.1541388394609258,1.1099606844335652,SCI_COMPARABLE_MAIN
U-Air,FedAvg-Window,30003,1.161194237008301,1.0618092365814336,1.1685223625082164,1.1205425093464558,SCI_COMPARABLE_MAIN
U-Air,FedAvg-Window,30004,1.228098027590181,1.126245643210242,1.2395388451556564,1.158534776408404,SCI_COMPARABLE_MAIN
U-Air,FedAvg-Window,30005,1.0514352825452589,0.9523604068966134,1.0520963099321874,1.0338398404467826,SCI_COMPARABLE_MAIN
U-Air,FedAvg-Window,30006,1.2856115928072611,1.1828938898584112,1.2995699125252378,1.2270879575622087,SCI_COMPARABLE_MAIN
U-Air,FedAvg-Window,30007,1.145169945124245,1.0444837588966562,1.151381581481573,1.112065589453423,SCI_COMPARABLE_MAIN
U-Air,FedAvg-Window,30008,1.1454328421481683,1.0457234883534463,1.152081657521698,1.1158194289678478,SCI_COMPARABLE_MAIN
U-Air,FedAvg-Window,30009,1.2399037087522033,1.1387680564021232,1.2519978104823504,1.1910120007948266,SCI_COMPARABLE_MAIN
U-Air,FedAvg-Window,30010,1.1995863606376442,1.0982051946298288,1.2093204608737367,1.1605980821621282,SCI_COMPARABLE_MAIN
U-Air,FedAvg-Window,30011,1.1397307099841747,1.0402100863677801,1.1464018645175875,1.1125323581832216,SCI_COMPARABLE_MAIN
U-Air,FedAvg-Window,30012,1.2767280324504147,1.1749840234661781,1.289644582906174,1.2403281141704405,SCI_COMPARABLE_MAIN
U-Air,FedAvg-Window,30013,1.2226165037335681,1.1217105562733733,1.233701475334957,1.190451529067992,SCI_COMPARABLE_MAIN
U-Air,FedAvg-Window,30014,1.113622623069171,1.0141026316525767,1.1171622195402147,1.0876206570747027,SCI_COMPARABLE_MAIN
U-Air,FedAvg-Window,30015,1.1799038227524796,1.0792782724517096,1.1878569757635278,1.1485017669121422,SCI_COMPARABLE_MAIN
U-Air,FedAvg-Window,30016,1.1675261739713565,1.0663212918079044,1.17410427051784,1.1426829060022992,SCI_COMPARABLE_MAIN
U-Air,FedAvg-Window,30017,1.2575098519652441,1.1555878308917278,1.2703299287040122,1.2191846035521,SCI_COMPARABLE_MAIN
U-Air,FedAvg-Window,30018,1.1236196178023923,1.0244959141558714,1.1277295095078366,1.086273116214403,SCI_COMPARABLE_MAIN
U-Air,FedAvg-Window,30019,1.1626236903531288,1.0623578787127592,1.1707252817327545,1.1161642103013851,SCI_COMPARABLE_MAIN
U-Air,FedAvg-Window,30020,1.3055460107470265,1.2031345968184741,1.3205688555399673,1.2578729960757609,SCI_COMPARABLE_MAIN
U-Air,TimeAlign-Agg,30001,1.2117373462364651,1.1100030017951954,1.2208256200982137,1.1725418146542825,SCI_COMPARABLE_MAIN
U-Air,TimeAlign-Agg,30002,1.1527875420077456,1.052155556023319,1.1591511033506965,1.1145140543842154,SCI_COMPARABLE_MAIN
U-Air,TimeAlign-Agg,30003,1.1605569450706104,1.0611740393905338,1.1678210459565743,1.1200454272308635,SCI_COMPARABLE_MAIN
U-Air,TimeAlign-Agg,30004,1.2223987246623145,1.1206285214016831,1.2335556335159945,1.1534156864845544,SCI_COMPARABLE_MAIN
U-Air,TimeAlign-Agg,30005,1.0510266114238562,0.951950964183875,1.051656849918064,1.0334769562430557,SCI_COMPARABLE_MAIN
U-Air,TimeAlign-Agg,30006,1.2841747485282498,1.1814812937187682,1.2980719332183905,1.2257204451437373,SCI_COMPARABLE_MAIN
U-Air,TimeAlign-Agg,30007,1.1455532926761858,1.0448631003109834,1.1517863037666398,1.1123954799428137,SCI_COMPARABLE_MAIN
U-Air,TimeAlign-Agg,30008,1.1453412988736527,1.0456336362062826,1.151984559755502,1.1157369932193122,SCI_COMPARABLE_MAIN
U-Air,TimeAlign-Agg,30009,1.2399990512112231,1.1388553264349954,1.2521118700374947,1.1911096198692346,SCI_COMPARABLE_MAIN
U-Air,TimeAlign-Agg,30010,1.2034044093535865,1.1019487580723977,1.2133142112132849,1.1639320993735134,SCI_COMPARABLE_MAIN
U-Air,TimeAlign-Agg,30011,1.1404366239043828,1.0409087120108909,1.1471408928648834,1.1132007386787566,SCI_COMPARABLE_MAIN
U-Air,TimeAlign-Agg,30012,1.2751724049571993,1.1734637792914815,1.2880237388745157,1.2388243521885232,SCI_COMPARABLE_MAIN
U-Air,TimeAlign-Agg,30013,1.2239564256303403,1.1230124193035498,1.235104920923939,1.191691243310482,SCI_COMPARABLE_MAIN
U-Air,TimeAlign-Agg,30014,1.1145037606560415,1.0149701370151658,1.1181112938989914,1.088399277672626,SCI_COMPARABLE_MAIN
U-Air,TimeAlign-Agg,30015,1.1794658878885447,1.0788470918812867,1.1873975227580182,1.1481220599518605,SCI_COMPARABLE_MAIN
U-Air,TimeAlign-Agg,30016,1.1691138681400082,1.067866702985212,1.1757778996288049,1.1441352620995833,SCI_COMPARABLE_MAIN
U-Air,TimeAlign-Agg,30017,1.2573104500252141,1.1553976539785293,1.2701272155558976,1.2190019333717308,SCI_COMPARABLE_MAIN
U-Air,TimeAlign-Agg,30018,1.1242311038660824,1.025101886161273,1.1283837120436073,1.0868073105029634,SCI_COMPARABLE_MAIN
U-Air,TimeAlign-Agg,30019,1.1628913993894077,1.0626190369871016,1.1710117189910183,1.116398190615351,SCI_COMPARABLE_MAIN
U-Air,TimeAlign-Agg,30020,1.3046303163410498,1.202233741651617,1.3196432709166321,1.2570020124888754,SCI_COMPARABLE_MAIN
U-Air,Inst-Cal,30001,1.2019322895005042,1.1003213131764307,1.210460923744194,1.1636214731468482,SCI_COMPARABLE_MAIN
U-Air,Inst-Cal,30002,1.1645958149530975,1.0638347894018323,1.171600786539932,1.1258213244918742,SCI_COMPARABLE_MAIN
U-Air,Inst-Cal,30003,1.1619747145963861,1.062569840867184,1.1693521598823053,1.1211127038939888,SCI_COMPARABLE_MAIN
U-Air,Inst-Cal,30004,1.2428498801665546,1.1407087820818531,1.2549584298178658,1.1714790009985883,SCI_COMPARABLE_MAIN
U-Air,Inst-Cal,30005,1.0405800255300697,0.941478695203313,1.0404549907642489,1.0240296429712525,SCI_COMPARABLE_MAIN
U-Air,Inst-Cal,30006,1.2828086926494624,1.180103554144219,1.296607648153134,1.224405751430777,SCI_COMPARABLE_MAIN
U-Air,Inst-Cal,30007,1.1424862016576702,1.0418157947274127,1.1484842669097735,1.1098157183238508,SCI_COMPARABLE_MAIN
U-Air,Inst-Cal,30008,1.1466863898639095,1.0469755281758928,1.1534160890261622,1.1169084651663599,SCI_COMPARABLE_MAIN
U-Air,Inst-Cal,30009,1.2207590584018164,1.1199717700198146,1.2319211101702752,1.1732204505118249,SCI_COMPARABLE_MAIN
U-Air,Inst-Cal,30010,1.1977206861882537,1.0963185953563395,1.2073283135960324,1.1590008328235921,SCI_COMPARABLE_MAIN
U-Air,Inst-Cal,30011,1.177974781418579,1.0780987534284996,1.186943942977049,1.1483441842578013,SCI_COMPARABLE_MAIN
U-Air,Inst-Cal,30012,1.284894002455276,1.1831035717207927,1.298196295979917,1.2480378419520184,SCI_COMPARABLE_MAIN
U-Air,Inst-Cal,30013,1.2287059316780231,1.1277013226000818,1.2401130597774028,1.1960812908247094,SCI_COMPARABLE_MAIN
U-Air,Inst-Cal,30014,1.1126936749571943,1.0131716244351092,1.1161620244159745,1.0867799001403395,SCI_COMPARABLE_MAIN
U-Air,Inst-Cal,30015,1.1736717870151723,1.073202665194328,1.1813330079979423,1.1430311347900037,SCI_COMPARABLE_MAIN
U-Air,Inst-Cal,30016,1.1708996167456915,1.0697042242129755,1.1776868868586012,1.145688172415665,SCI_COMPARABLE_MAIN
U-Air,Inst-Cal,30017,1.269037768365164,1.1668038211012712,1.2823817803453432,1.2299394394681888,SCI_COMPARABLE_MAIN
U-Air,Inst-Cal,30018,1.1253600447951442,1.0262510296538614,1.1295618064710287,1.087860304087286,SCI_COMPARABLE_MAIN
U-Air,Inst-Cal,30019,1.1690496153210677,1.068727716119406,1.1775057266464717,1.122058889260446,SCI_COMPARABLE_MAIN
U-Air,Inst-Cal,30020,1.3077712258585357,1.2052983882816974,1.3228679858963812,1.2600333253295766,SCI_COMPARABLE_MAIN
U-Air,Local-Hajek,30001,1.210848485707097,1.1091418070484749,1.2199078552171159,1.1716900794124994,SCI_COMPARABLE_MAIN
U-Air,Local-Hajek,30002,1.148046894011529,1.047447742298983,1.1541388394609258,1.1099606844335652,SCI_COMPARABLE_MAIN
U-Air,Local-Hajek,30003,1.161194237008301,1.0618092365814336,1.1685223625082164,1.1205425093464558,SCI_COMPARABLE_MAIN
U-Air,Local-Hajek,30004,1.228098027590181,1.126245643210242,1.2395388451556564,1.158534776408404,SCI_COMPARABLE_MAIN
U-Air,Local-Hajek,30005,1.0514352825452589,0.9523604068966134,1.0520963099321874,1.0338398404467826,SCI_COMPARABLE_MAIN
U-Air,Local-Hajek,30006,1.2856115928072611,1.1828938898584112,1.2995699125252378,1.2270879575622087,SCI_COMPARABLE_MAIN
U-Air,Local-Hajek,30007,1.145169945124245,1.0444837588966562,1.151381581481573,1.112065589453423,SCI_COMPARABLE_MAIN
U-Air,Local-Hajek,30008,1.1454328421481683,1.0457234883534463,1.152081657521698,1.1158194289678478,SCI_COMPARABLE_MAIN
U-Air,Local-Hajek,30009,1.2399037087522033,1.1387680564021232,1.2519978104823504,1.1910120007948266,SCI_COMPARABLE_MAIN
U-Air,Local-Hajek,30010,1.1995863606376442,1.0982051946298288,1.2093204608737367,1.1605980821621282,SCI_COMPARABLE_MAIN
U-Air,Local-Hajek,30011,1.1397307099841747,1.0402100863677801,1.1464018645175875,1.1125323581832216,SCI_COMPARABLE_MAIN
U-Air,Local-Hajek,30012,1.2767280324504147,1.1749840234661781,1.289644582906174,1.2403281141704405,SCI_COMPARABLE_MAIN
U-Air,Local-Hajek,30013,1.2226165037335681,1.1217105562733733,1.233701475334957,1.190451529067992,SCI_COMPARABLE_MAIN
U-Air,Local-Hajek,30014,1.113622623069171,1.0141026316525767,1.1171622195402147,1.0876206570747027,SCI_COMPARABLE_MAIN
U-Air,Local-Hajek,30015,1.1799038227524796,1.0792782724517096,1.1878569757635278,1.1485017669121422,SCI_COMPARABLE_MAIN
U-Air,Local-Hajek,30016,1.1675261739713565,1.0663212918079044,1.17410427051784,1.1426829060022992,SCI_COMPARABLE_MAIN
U-Air,Local-Hajek,30017,1.2575098519652441,1.1555878308917278,1.2703299287040122,1.2191846035521,SCI_COMPARABLE_MAIN
U-Air,Local-Hajek,30018,1.1236196178023923,1.0244959141558714,1.1277295095078366,1.086273116214403,SCI_COMPARABLE_MAIN
U-Air,Local-Hajek,30019,1.1626236903531288,1.0623578787127592,1.1707252817327545,1.1161642103013851,SCI_COMPARABLE_MAIN
U-Air,Local-Hajek,30020,1.3055460107470265,1.2031345968184741,1.3205688555399673,1.2578729960757609,SCI_COMPARABLE_MAIN
U-Air,RAVEN-MCS,30001,1.201716880706229,1.1001194907714644,1.2102316408991802,1.1634696083146852,SCI_COMPARABLE_MAIN
U-Air,RAVEN-MCS,30002,1.1645943072006388,1.0638334999203205,1.171597909203414,1.1258200607503936,SCI_COMPARABLE_MAIN
U-Air,RAVEN-MCS,30003,1.1619873834476435,1.0625823207068312,1.169365551852218,1.1211237521570654,SCI_COMPARABLE_MAIN
U-Air,RAVEN-MCS,30004,1.2428815046060808,1.140739561265951,1.2549917246684603,1.1715081851262936,SCI_COMPARABLE_MAIN
U-Air,RAVEN-MCS,30005,1.0405807764916069,0.9414794216329688,1.040455805497135,1.0240302976500557,SCI_COMPARABLE_MAIN
U-Air,RAVEN-MCS,30006,1.282805286799776,1.180100231450807,1.2966040973841075,1.2244024947731824,SCI_COMPARABLE_MAIN
U-Air,RAVEN-MCS,30007,1.1424870864095478,1.041816675547703,1.1484851954156103,1.1098164410821647,SCI_COMPARABLE_MAIN
U-Air,RAVEN-MCS,30008,1.1466794943773104,1.046968632729934,1.15340881902468,1.116902359764955,SCI_COMPARABLE_MAIN
U-Air,RAVEN-MCS,30009,1.2207150670090248,1.1199285077003198,1.2318750559405316,1.1731799694638183,SCI_COMPARABLE_MAIN
U-Air,RAVEN-MCS,30010,1.197701590186744,1.0962999596736247,1.207308341829589,1.1589840142391796,SCI_COMPARABLE_MAIN
U-Air,RAVEN-MCS,30011,1.1779852145406005,1.0781090333124095,1.1869549528573842,1.1483539540295313,SCI_COMPARABLE_MAIN
U-Air,RAVEN-MCS,30012,1.284919208384505,1.1831282427564727,1.2982224292635212,1.2480613478277913,SCI_COMPARABLE_MAIN
U-Air,RAVEN-MCS,30013,1.2287275802065145,1.127722500102255,1.2401356919736033,1.1961015089491587,SCI_COMPARABLE_MAIN
U-Air,RAVEN-MCS,30014,1.1126941270224129,1.0131721331031938,1.116162597606441,1.0867801256004124,SCI_COMPARABLE_MAIN
U-Air,RAVEN-MCS,30015,1.1736537940665062,1.0731849714750852,1.1813140898541115,1.143015278558931,SCI_COMPARABLE_MAIN
U-Air,RAVEN-MCS,30016,1.1709258951551238,1.0697301189635644,1.1777145423146826,1.1457124925674707,SCI_COMPARABLE_MAIN
U-Air,RAVEN-MCS,30017,1.2690429357601385,1.1668090112975484,1.2823872751852108,1.2299442279877504,SCI_COMPARABLE_MAIN
U-Air,RAVEN-MCS,30018,1.125360082508588,1.0262511623312078,1.1295619055723813,1.0878604032959995,SCI_COMPARABLE_MAIN
U-Air,RAVEN-MCS,30019,1.169070018139858,1.0687478605290717,1.177527344056851,1.1220774580935302,SCI_COMPARABLE_MAIN
U-Air,RAVEN-MCS,30020,1.3077502590008703,1.2052777380682027,1.3228462317466965,1.2600135823987548,SCI_COMPARABLE_MAIN
U-Air,RAVEN-SimOracle,30001,1.1968560479817063,1.095358971117343,1.2051695598188452,1.1590757582360685,SCI_COMPARABLE_MAIN
U-Air,RAVEN-SimOracle,30002,1.1746650115253008,1.0737021010178092,1.1822204546009114,1.1355155706017448,SCI_COMPARABLE_MAIN
U-Air,RAVEN-SimOracle,30003,1.1624563509099164,1.0630520895640436,1.169863615879661,1.121534995050146,SCI_COMPARABLE_MAIN
U-Air,RAVEN-SimOracle,30004,1.2382245978281332,1.1361577234584523,1.250124168560879,1.1673172742862614,SCI_COMPARABLE_MAIN
U-Air,RAVEN-SimOracle,30005,1.0405565896786406,0.9414629588195386,1.0404611733732427,1.0239931531432505,SCI_COMPARABLE_MAIN
U-Air,RAVEN-SimOracle,30006,1.2836740884863933,1.180952352081016,1.2975068629217834,1.225231426768812,SCI_COMPARABLE_MAIN
U-Air,RAVEN-SimOracle,30007,1.1423602745190928,1.0416935956502926,1.1483528599880612,1.1097084736271479,SCI_COMPARABLE_MAIN
U-Air,RAVEN-SimOracle,30008,1.1457669022472075,1.046059917102308,1.1524497774207942,1.116085466832698,SCI_COMPARABLE_MAIN
U-Air,RAVEN-SimOracle,30009,1.2224107329953917,1.12159332042574,1.2336429156485618,1.174751839371546,SCI_COMPARABLE_MAIN
U-Air,RAVEN-SimOracle,30010,1.1960859345743622,1.0947128347417312,1.205617673017975,1.1575722484874618,SCI_COMPARABLE_MAIN
U-Air,RAVEN-SimOracle,30011,1.1790908132881848,1.0791938521978894,1.1881179704578524,1.1493948621498509,SCI_COMPARABLE_MAIN
U-Air,RAVEN-SimOracle,30012,1.2854385604578165,1.1836312787254897,1.2987683903256053,1.2485311067059364,SCI_COMPARABLE_MAIN
U-Air,RAVEN-SimOracle,30013,1.2303449107252358,1.1293035335055697,1.2418255389799449,1.1976089561177514,SCI_COMPARABLE_MAIN
U-Air,RAVEN-SimOracle,30014,1.1108851248274234,1.0113841665349133,1.1141927361154864,1.0851879268403084,SCI_COMPARABLE_MAIN
U-Air,RAVEN-SimOracle,30015,1.171520373221301,1.0710856001844034,1.179072556307911,1.1411341982767096,SCI_COMPARABLE_MAIN
U-Air,RAVEN-SimOracle,30016,1.173174230829956,1.071941814299998,1.180079139333743,1.147807477712448,SCI_COMPARABLE_MAIN
U-Air,RAVEN-SimOracle,30017,1.267818226742741,1.1655948965475917,1.2811178881071579,1.2287856215466357,SCI_COMPARABLE_MAIN
U-Air,RAVEN-SimOracle,30018,1.1287692568820993,1.029639241472839,1.1331693224782784,1.0908590699364344,SCI_COMPARABLE_MAIN
U-Air,RAVEN-SimOracle,30019,1.1717824299695927,1.071425597253476,1.180415568231933,1.124501849545527,SCI_COMPARABLE_MAIN
U-Air,RAVEN-SimOracle,30020,1.3070556862887939,1.2045993800735082,1.3221285917116068,1.2593753006161699,SCI_COMPARABLE_MAIN
U-Air,TwoStage-Hajek,30001,1.2360634846030303,1.134051576210711,1.2461619768381291,1.1948132281698987,SCI_COMPARABLE_MAIN
U-Air,TwoStage-Hajek,30002,1.1763102894870445,1.075485553624285,1.1839208804467711,1.1369221340148394,SCI_COMPARABLE_MAIN
U-Air,TwoStage-Hajek,30003,1.1744549882329776,1.0752554120770466,1.1828639860148953,1.13194989779217,SCI_COMPARABLE_MAIN
U-Air,TwoStage-Hajek,30004,1.256501938269967,1.1541018109524324,1.2692450040952519,1.183832746977027,SCI_COMPARABLE_MAIN
U-Air,TwoStage-Hajek,30005,1.067967830393859,0.9686625562342129,1.0699843286330128,1.04887851675104,SCI_COMPARABLE_MAIN
U-Air,TwoStage-Hajek,30006,1.3403906628558586,1.2365713031617775,1.3566569781872262,1.279292551358432,SCI_COMPARABLE_MAIN
U-Air,TwoStage-Hajek,30007,1.1441802550200664,1.0435640121344796,1.1502686192324418,1.1114317943503873,SCI_COMPARABLE_MAIN
U-Air,TwoStage-Hajek,30008,1.1588973456574403,1.0591660901119586,1.166329901682074,1.127660358158338,SCI_COMPARABLE_MAIN
U-Air,TwoStage-Hajek,30009,1.2429222401366435,1.1417331650835065,1.2551206442593947,1.193784780730834,SCI_COMPARABLE_MAIN
U-Air,TwoStage-Hajek,30010,1.2159404170359989,1.1141421625239085,1.2264949440567983,1.1750206370691405,SCI_COMPARABLE_MAIN
U-Air,TwoStage-Hajek,30011,1.181795477006761,1.0819220487500416,1.19090683051452,1.1518696661040262,SCI_COMPARABLE_MAIN
U-Air,TwoStage-Hajek,30012,1.3245624450320033,1.2222024966736549,1.3392372889042081,1.2843156903626909,SCI_COMPARABLE_MAIN
U-Air,TwoStage-Hajek,30013,1.2451591129552007,1.1439678000303095,1.2573030256666646,1.2114111543149078,SCI_COMPARABLE_MAIN
U-Air,TwoStage-Hajek,30014,1.1411921001650667,1.0412204542332688,1.1465359161949937,1.1123574905585216,SCI_COMPARABLE_MAIN
U-Air,TwoStage-Hajek,30015,1.2133331817676518,1.1121677434311006,1.2229595378792777,1.1785048307006492,SCI_COMPARABLE_MAIN
U-Air,TwoStage-Hajek,30016,1.2242075631780656,1.1219699015048739,1.233646604322038,1.1955322300867435,SCI_COMPARABLE_MAIN
U-Air,TwoStage-Hajek,30017,1.3035876184484945,1.2008405942365181,1.318388058704974,1.2627001205903385,SCI_COMPARABLE_MAIN
U-Air,TwoStage-Hajek,30018,1.1286332988862726,1.0294932503561165,1.133036052229483,1.0908059909563468,SCI_COMPARABLE_MAIN
U-Air,TwoStage-Hajek,30019,1.2240637060591992,1.1230463404133357,1.2355323271361776,1.1721821533038734,SCI_COMPARABLE_MAIN
U-Air,TwoStage-Hajek,30020,1.3190601021094261,1.2165255844322056,1.3347479702419014,1.2708533444774237,SCI_COMPARABLE_MAIN
