round,dataset,scenario,seed,EventTrace_hash,source_path,size,shared_by_methods,copied_into_package,notes
E2,NSW-Traffic,balanced,30001,f6a41b229a7eb29d5ca933c6853a8c9346a1550cea54364071ea277b1f7140e2,artifacts/e2_traffic_formal_runs_r1/eventtraces/30001/balanced,,True,False,hash-indexed; bulky EventTrace files not duplicated into CORE
E2,NSW-Traffic,opportunity_only,30001,c2d5f9df427aec3aed89f897f1e98875bc8ddfef5ebf0c23e6059fafc5f1c4fb,artifacts/e2_traffic_formal_runs_r1/eventtraces/30001/opportunity_only,,True,False,hash-indexed; bulky EventTrace files not duplicated into CORE
E2,NSW-Traffic,observation_only,30001,eac376a29fb2d8dcff4f4b8ee0d140cd9c89ab1bf47528c17442ada2331344f3,artifacts/e2_traffic_formal_runs_r1/eventtraces/30001/observation_only,,True,False,hash-indexed; bulky EventTrace files not duplicated into CORE
E2,NSW-Traffic,usable_only,30001,e51c5ef24a5bb18dff5fcea9ab3650b80e9fd733935b06a6304d673da1e8403d,artifacts/e2_traffic_formal_runs_r1/eventtraces/30001/usable_only,,True,False,hash-indexed; bulky EventTrace files not duplicated into CORE
E2,NSW-Traffic,complete_aligned,30001,f4ae137ab49672673236440cb2f6484a52318474377df47af83812caa5eb1f7e,artifacts/e2_traffic_formal_runs_r1/eventtraces/30001/complete_aligned,,True,False,hash-indexed; bulky EventTrace files not duplicated into CORE
E2,NSW-Traffic,complete_counteracting,30001,73fb81565547a41a724afe252a3e86ebedc6c4db9e123ff3bb5c9eb559427a89,artifacts/e2_traffic_formal_runs_r1/eventtraces/30001/complete_counteracting,,True,False,hash-indexed; bulky EventTrace files not duplicated into CORE
E2,NSW-Traffic,balanced,30002,a69db6caccd3937f52a022d0bad2348b17b34977e09d64f6d556dabfcb9fead3,artifacts/e2_traffic_formal_runs_r1/eventtraces/30002/balanced,,True,False,hash-indexed; bulky EventTrace files not duplicated into CORE
E2,NSW-Traffic,opportunity_only,30002,3677c15b42211dcf0c3f77ae2957991318d0a1b47150568ba9d90aeb9b2b396e,artifacts/e2_traffic_formal_runs_r1/eventtraces/30002/opportunity_only,,True,False,hash-indexed; bulky EventTrace files not duplicated into CORE
E2,NSW-Traffic,observation_only,30002,56a918f7d2dea193d48bd337f39c8b2777278781e4543ef1f2407d88238e9bb8,artifacts/e2_traffic_formal_runs_r1/eventtraces/30002/observation_only,,True,False,hash-indexed; bulky EventTrace files not duplicated into CORE
E2,NSW-Traffic,usable_only,30002,b492a09832528c2b0427ae2c436ea8227e872db97a0864eba41cdd41ec58be5c,artifacts/e2_traffic_formal_runs_r1/eventtraces/30002/usable_only,,True,False,hash-indexed; bulky EventTrace files not duplicated into CORE
E2,NSW-Traffic,complete_aligned,30002,ac0d284605363c57e9fa444160828ef0e45dbc41d28ff36b391556c0fbf42fd3,artifacts/e2_traffic_formal_runs_r1/eventtraces/30002/complete_aligned,,True,False,hash-indexed; bulky EventTrace files not duplicated into CORE
E2,NSW-Traffic,complete_counteracting,30002,d0c209429a5cedb58a736ce540740456325ae2e7c67b394653f8ee855939506e,artifacts/e2_traffic_formal_runs_r1/eventtraces/30002/complete_counteracting,,True,False,hash-indexed; bulky EventTrace files not duplicated into CORE
E2,NSW-Traffic,balanced,30003,ca47b0f9fca756736f500d4054578357f60733cade7fd0042b850b1a835e6ee7,artifacts/e2_traffic_formal_runs_r1/eventtraces/30003/balanced,,True,False,hash-indexed; bulky EventTrace files not duplicated into CORE
E2,NSW-Traffic,opportunity_only,30003,c49714c332aeffe32a5032b3d537c96a6c4fa13e7e569788208f6870347aa918,artifacts/e2_traffic_formal_runs_r1/eventtraces/30003/opportunity_only,,True,False,hash-indexed; bulky EventTrace files not duplicated into CORE
E2,NSW-Traffic,observation_only,30003,c4899eb0a662814ba002fa69837fbd3084d05e3fb42bd1614621ad6e9b440b2a,artifacts/e2_traffic_formal_runs_r1/eventtraces/30003/observation_only,,True,False,hash-indexed; bulky EventTrace files not duplicated into CORE
E2,NSW-Traffic,usable_only,30003,3dfa599f3b6192351030889461a06cc57b4b67702ef385e77a43e726b9eedeac,artifacts/e2_traffic_formal_runs_r1/eventtraces/30003/usable_only,,True,False,hash-indexed; bulky EventTrace files not duplicated into CORE
E2,NSW-Traffic,complete_aligned,30003,7ff13b9bbdd9c6c7dc0915dd1efc9495df20dc79570f7ad19f4e8f86c66e4f5d,artifacts/e2_traffic_formal_runs_r1/eventtraces/30003/complete_aligned,,True,False,hash-indexed; bulky EventTrace files not duplicated into CORE
E2,NSW-Traffic,complete_counteracting,30003,7076e3cb3b41ecebac19711e010d7b46c0f51985e3076d4653253d15243cd42b,artifacts/e2_traffic_formal_runs_r1/eventtraces/30003/complete_counteracting,,True,False,hash-indexed; bulky EventTrace files not duplicated into CORE
E2,NSW-Traffic,balanced,30004,848b65c365425eb550863c47775fce0e2e8df59107b629b9b746c3836bb678e1,artifacts/e2_traffic_formal_runs_r1/eventtraces/30004/balanced,,True,False,hash-indexed; bulky EventTrace files not duplicated into CORE
E2,NSW-Traffic,opportunity_only,30004,4357176e02fd7411b246cd244a547c93e353e402835ad8f25d3ffd90aba13400,artifacts/e2_traffic_formal_runs_r1/eventtraces/30004/opportunity_only,,True,False,hash-indexed; bulky EventTrace files not duplicated into CORE
E2,NSW-Traffic,observation_only,30004,a9e7b430412c3eebd531083db326f07ff4d23265136dca3f4f4a71229f2ce366,artifacts/e2_traffic_formal_runs_r1/eventtraces/30004/observation_only,,True,False,hash-indexed; bulky EventTrace files not duplicated into CORE
E2,NSW-Traffic,usable_only,30004,9371913ad790e31c902ed762dac17fd294843cce10b1c946e940ed969719d741,artifacts/e2_traffic_formal_runs_r1/eventtraces/30004/usable_only,,True,False,hash-indexed; bulky EventTrace files not duplicated into CORE
E2,NSW-Traffic,complete_aligned,30004,0803988000b9519173c7def053c38c2a0afd1b4e5bdf3c42d5097af8ac66b150,artifacts/e2_traffic_formal_runs_r1/eventtraces/30004/complete_aligned,,True,False,hash-indexed; bulky EventTrace files not duplicated into CORE
E2,NSW-Traffic,complete_counteracting,30004,42a3c5039c5122055af07a42c9e6f088589cb49c6f6ec8ecfbfa83c250c5ae21,artifacts/e2_traffic_formal_runs_r1/eventtraces/30004/complete_counteracting,,True,False,hash-indexed; bulky EventTrace files not duplicated into CORE
E2,NSW-Traffic,balanced,30005,00891e11d01f7a0eef508e048cdc596b8d55bed7639665dde5ca4c56f0423f79,artifacts/e2_traffic_formal_runs_r1/eventtraces/30005/balanced,,True,False,hash-indexed; bulky EventTrace files not duplicated into CORE
E2,NSW-Traffic,opportunity_only,30005,98d1270fde667976c7c854e28a48303822a6a3a3d3dd82de235d69ff6313216d,artifacts/e2_traffic_formal_runs_r1/eventtraces/30005/opportunity_only,,True,False,hash-indexed; bulky EventTrace files not duplicated into CORE
E2,NSW-Traffic,observation_only,30005,7352719925b4de222437b4996285bc1dd67382321fdeffd60210be3a0db2e1c0,artifacts/e2_traffic_formal_runs_r1/eventtraces/30005/observation_only,,True,False,hash-indexed; bulky EventTrace files not duplicated into CORE
E2,NSW-Traffic,usable_only,30005,83cb00c6dc403adc12513b6bc8d416373c94834a88882456b14d3805887da492,artifacts/e2_traffic_formal_runs_r1/eventtraces/30005/usable_only,,True,False,hash-indexed; bulky EventTrace files not duplicated into CORE
E2,NSW-Traffic,complete_aligned,30005,f5617229d0b76e26f18967abe181aad3ab1a3de841dd85c518eca0bdc98ad6a8,artifacts/e2_traffic_formal_runs_r1/eventtraces/30005/complete_aligned,,True,False,hash-indexed; bulky EventTrace files not duplicated into CORE
E2,NSW-Traffic,complete_counteracting,30005,c53afbf9896117f60c35d287231e39aa1f0667ee9ed98e5e13972f75d9635c7a,artifacts/e2_traffic_formal_runs_r1/eventtraces/30005/complete_counteracting,,True,False,hash-indexed; bulky EventTrace files not duplicated into CORE
E2,NSW-Traffic,balanced,30006,3cd1fa36e9ab41ff6f33ec4918fba046cd8a242d35fafa682180d2d6dc74af75,artifacts/e2_traffic_formal_runs_r1/eventtraces/30006/balanced,,True,False,hash-indexed; bulky EventTrace files not duplicated into CORE
E2,NSW-Traffic,opportunity_only,30006,ee28f8f0703828a8fc57d049a595006e1c3d894570cbd6a32a4ca70f9317321f,artifacts/e2_traffic_formal_runs_r1/eventtraces/30006/opportunity_only,,True,False,hash-indexed; bulky EventTrace files not duplicated into CORE
E2,NSW-Traffic,observation_only,30006,8d8ce6b204aba9b091f81e9f0cd37f5bc6425201d6c5de6b0f5528c6ba8b7f2b,artifacts/e2_traffic_formal_runs_r1/eventtraces/30006/observation_only,,True,False,hash-indexed; bulky EventTrace files not duplicated into CORE
E2,NSW-Traffic,usable_only,30006,c204b7fd11a424ebd298313206ea8956723dc06a5f598df0441d880621c58fd3,artifacts/e2_traffic_formal_runs_r1/eventtraces/30006/usable_only,,True,False,hash-indexed; bulky EventTrace files not duplicated into CORE
E2,NSW-Traffic,complete_aligned,30006,999d3ce5b58e573d8a411e96437784c7a7a6a4c383c4b8fbe99c66c7f07b168f,artifacts/e2_traffic_formal_runs_r1/eventtraces/30006/complete_aligned,,True,False,hash-indexed; bulky EventTrace files not duplicated into CORE
E2,NSW-Traffic,complete_counteracting,30006,f8e29a140b360b7b7c24afd220eaff9f565487db3914276c9af9c4fa5959758c,artifacts/e2_traffic_formal_runs_r1/eventtraces/30006/complete_counteracting,,True,False,hash-indexed; bulky EventTrace files not duplicated into CORE
E2,NSW-Traffic,balanced,30007,8b44bf707744c991767441e6c34e27f50c3cb675e7a9460b85ee0a5957d7700a,artifacts/e2_traffic_formal_runs_r1/eventtraces/30007/balanced,,True,False,hash-indexed; bulky EventTrace files not duplicated into CORE
E2,NSW-Traffic,opportunity_only,30007,fd95cffb4cec33f79a66d0bd84092ce9c972c00a05eb6125a8aed2c59b2d0df1,artifacts/e2_traffic_formal_runs_r1/eventtraces/30007/opportunity_only,,True,False,hash-indexed; bulky EventTrace files not duplicated into CORE
E2,NSW-Traffic,observation_only,30007,f8f4cf89d0256ef1d408733b5bc7cf44406443c27d0c0afeca202401c55bb5d8,artifacts/e2_traffic_formal_runs_r1/eventtraces/30007/observation_only,,True,False,hash-indexed; bulky EventTrace files not duplicated into CORE
E2,NSW-Traffic,usable_only,30007,35caedb5249fdad0617a114d31c16d4983edb9213fadb9ef50d8a2d714e8e761,artifacts/e2_traffic_formal_runs_r1/eventtraces/30007/usable_only,,True,False,hash-indexed; bulky EventTrace files not duplicated into CORE
E2,NSW-Traffic,complete_aligned,30007,6f8d246c044694c1f68081e414f2c36a982c44091bbf30fa01cd0069eaaff17c,artifacts/e2_traffic_formal_runs_r1/eventtraces/30007/complete_aligned,,True,False,hash-indexed; bulky EventTrace files not duplicated into CORE
E2,NSW-Traffic,complete_counteracting,30007,08e0cc955b49ace6801a5bbdaf2e75a4be22e52f984c178f23c9006d35308ee9,artifacts/e2_traffic_formal_runs_r1/eventtraces/30007/complete_counteracting,,True,False,hash-indexed; bulky EventTrace files not duplicated into CORE
E2,NSW-Traffic,balanced,30008,63cf499264744d2067308da5fb594e3d09e63072e20694e64adeb5d6ec24fb99,artifacts/e2_traffic_formal_runs_r1/eventtraces/30008/balanced,,True,False,hash-indexed; bulky EventTrace files not duplicated into CORE
E2,NSW-Traffic,opportunity_only,30008,f4ca61688c06d614b727907ebf42076172379370d00312a93d162b0368a956b7,artifacts/e2_traffic_formal_runs_r1/eventtraces/30008/opportunity_only,,True,False,hash-indexed; bulky EventTrace files not duplicated into CORE
E2,NSW-Traffic,observation_only,30008,526b1e1f3b28fd5792798e0a26c012df56ac6ae76dbbef97485d026e01f076c0,artifacts/e2_traffic_formal_runs_r1/eventtraces/30008/observation_only,,True,False,hash-indexed; bulky EventTrace files not duplicated into CORE
E2,NSW-Traffic,usable_only,30008,40ff0c2a797c07a94f8911eda31053772c92fd623e3c53a6517f54f634e2aa35,artifacts/e2_traffic_formal_runs_r1/eventtraces/30008/usable_only,,True,False,hash-indexed; bulky EventTrace files not duplicated into CORE
E2,NSW-Traffic,complete_aligned,30008,a784e32d81e04ce65def0f449d2222110cb7cef92d42494ee4648bec72c5ccb9,artifacts/e2_traffic_formal_runs_r1/eventtraces/30008/complete_aligned,,True,False,hash-indexed; bulky EventTrace files not duplicated into CORE
E2,NSW-Traffic,complete_counteracting,30008,0cb2b39a81a430513d73b929310ab822ab785ec0efcb2ddf6270c1061a6dc831,artifacts/e2_traffic_formal_runs_r1/eventtraces/30008/complete_counteracting,,True,False,hash-indexed; bulky EventTrace files not duplicated into CORE
E2,NSW-Traffic,balanced,30009,415e9a0f27d4a199ab7816a9153f566610bcbdb20f0fd0142d596211e6fd04a6,artifacts/e2_traffic_formal_runs_r1/eventtraces/30009/balanced,,True,False,hash-indexed; bulky EventTrace files not duplicated into CORE
E2,NSW-Traffic,opportunity_only,30009,87f91a911e7dd1d6fc6484a64e3ded2928a6b7b315d473e1991ee878539cf4f6,artifacts/e2_traffic_formal_runs_r1/eventtraces/30009/opportunity_only,,True,False,hash-indexed; bulky EventTrace files not duplicated into CORE
E2,NSW-Traffic,observation_only,30009,6ab63208651ddc697ef7ba5e7cc5a14830b775e23ffad4333e9fa32918f133a4,artifacts/e2_traffic_formal_runs_r1/eventtraces/30009/observation_only,,True,False,hash-indexed; bulky EventTrace files not duplicated into CORE
E2,NSW-Traffic,usable_only,30009,a556027a0d829e9d074641a6aa4960e391dda0e48ff6850c47b52e8e4d6357a2,artifacts/e2_traffic_formal_runs_r1/eventtraces/30009/usable_only,,True,False,hash-indexed; bulky EventTrace files not duplicated into CORE
E2,NSW-Traffic,complete_aligned,30009,4531c4e80375f005d41ab2b8c50a2a16c36fa93fa608706d457d2a3cba130825,artifacts/e2_traffic_formal_runs_r1/eventtraces/30009/complete_aligned,,True,False,hash-indexed; bulky EventTrace files not duplicated into CORE
E2,NSW-Traffic,complete_counteracting,30009,d7e1eb95682d538014e7dbf0a1154fa25ae1f79c4e5b2d4dd3f0d473d03d0418,artifacts/e2_traffic_formal_runs_r1/eventtraces/30009/complete_counteracting,,True,False,hash-indexed; bulky EventTrace files not duplicated into CORE
E2,NSW-Traffic,balanced,30010,7f9d91ef42800f077d06188cb25ffc126cd9c8634b39092de4359a95a97383ff,artifacts/e2_traffic_formal_runs_r1/eventtraces/30010/balanced,,True,False,hash-indexed; bulky EventTrace files not duplicated into CORE
E2,NSW-Traffic,opportunity_only,30010,09bb96939359f94ccca60214c302370147e0816c2f168d96722df03ded04ce20,artifacts/e2_traffic_formal_runs_r1/eventtraces/30010/opportunity_only,,True,False,hash-indexed; bulky EventTrace files not duplicated into CORE
E2,NSW-Traffic,observation_only,30010,5b6c08464838f506c3c4422bd755303b106026f867aa3261b4131aec5338b81e,artifacts/e2_traffic_formal_runs_r1/eventtraces/30010/observation_only,,True,False,hash-indexed; bulky EventTrace files not duplicated into CORE
E2,NSW-Traffic,usable_only,30010,642b7de26b2b4ca9e37e762ab17f4ebce5d125507f8947f2981f95106b16b1e1,artifacts/e2_traffic_formal_runs_r1/eventtraces/30010/usable_only,,True,False,hash-indexed; bulky EventTrace files not duplicated into CORE
E2,NSW-Traffic,complete_aligned,30010,da3766480e75f6825226007527b773b590f0b5f028312b301c7c4ba441c1ccc8,artifacts/e2_traffic_formal_runs_r1/eventtraces/30010/complete_aligned,,True,False,hash-indexed; bulky EventTrace files not duplicated into CORE
E2,NSW-Traffic,complete_counteracting,30010,88f6ba0543e0b5ca00da1794960056bf02155fd90540b2664332a8d1b05b3a94,artifacts/e2_traffic_formal_runs_r1/eventtraces/30010/complete_counteracting,,True,False,hash-indexed; bulky EventTrace files not duplicated into CORE
E2,NSW-Traffic,balanced,30011,871da385ccdf3f1eb26976a32b08a2104b122a16cf7d9e912106c8ee05e97707,artifacts/e2_traffic_formal_runs_r1/eventtraces/30011/balanced,,True,False,hash-indexed; bulky EventTrace files not duplicated into CORE
E2,NSW-Traffic,opportunity_only,30011,8bae84e693780af1de031be8ff399e042234a1a85b81bcccc6ebd44208d2623f,artifacts/e2_traffic_formal_runs_r1/eventtraces/30011/opportunity_only,,True,False,hash-indexed; bulky EventTrace files not duplicated into CORE
E2,NSW-Traffic,observation_only,30011,f279f715ce75d0245e4a1f07a4576e4cc884fccd0d5c56c7b40eee497a00043c,artifacts/e2_traffic_formal_runs_r1/eventtraces/30011/observation_only,,True,False,hash-indexed; bulky EventTrace files not duplicated into CORE
E2,NSW-Traffic,usable_only,30011,9d7e447f11e35d9ff79e0ab64c771cbd189c100643a4ed0b21508cc1979fcbf9,artifacts/e2_traffic_formal_runs_r1/eventtraces/30011/usable_only,,True,False,hash-indexed; bulky EventTrace files not duplicated into CORE
E2,NSW-Traffic,complete_aligned,30011,c35d3d42efb275e1ba84235768b36eea957514a3360fc4373c5da2593e4a0019,artifacts/e2_traffic_formal_runs_r1/eventtraces/30011/complete_aligned,,True,False,hash-indexed; bulky EventTrace files not duplicated into CORE
E2,NSW-Traffic,complete_counteracting,30011,244a3180a91af2c0253162bfbb309e597d496e20176330402f8a9fd89a3d429a,artifacts/e2_traffic_formal_runs_r1/eventtraces/30011/complete_counteracting,,True,False,hash-indexed; bulky EventTrace files not duplicated into CORE
E2,NSW-Traffic,balanced,30012,6834c3008c9fc440a201250f12400669f8f06d16d72a1ef61c5c4380bf340e94,artifacts/e2_traffic_formal_runs_r1/eventtraces/30012/balanced,,True,False,hash-indexed; bulky EventTrace files not duplicated into CORE
E2,NSW-Traffic,opportunity_only,30012,2e4672b2da107a329429a79cd23b1dbef275e09a4c06eb444a5b8979ebb8608f,artifacts/e2_traffic_formal_runs_r1/eventtraces/30012/opportunity_only,,True,False,hash-indexed; bulky EventTrace files not duplicated into CORE
E2,NSW-Traffic,observation_only,30012,3534ab019c340aefd9b292ded3a485f4941d22dfdaf840eb4ac4785401b3a6d6,artifacts/e2_traffic_formal_runs_r1/eventtraces/30012/observation_only,,True,False,hash-indexed; bulky EventTrace files not duplicated into CORE
E2,NSW-Traffic,usable_only,30012,20ecf6ea83e2e94042512d32c3d502918cbc3f210010e599ce11e49b29eef6de,artifacts/e2_traffic_formal_runs_r1/eventtraces/30012/usable_only,,True,False,hash-indexed; bulky EventTrace files not duplicated into CORE
E2,NSW-Traffic,complete_aligned,30012,fb56cc2513b6dca611302457b71e5a75600b91bb753139213644792cfc292fa1,artifacts/e2_traffic_formal_runs_r1/eventtraces/30012/complete_aligned,,True,False,hash-indexed; bulky EventTrace files not duplicated into CORE
E2,NSW-Traffic,complete_counteracting,30012,7eccb3c2d6579c9152f2e6eed1c6fcee2d51ba6f2ad4d1ed9309610a49e7a3a3,artifacts/e2_traffic_formal_runs_r1/eventtraces/30012/complete_counteracting,,True,False,hash-indexed; bulky EventTrace files not duplicated into CORE
E2,NSW-Traffic,balanced,30013,12dc04a63403f4d630a2d99ff82bffd346313d2f05a2ffced4909d8f69847a76,artifacts/e2_traffic_formal_runs_r1/eventtraces/30013/balanced,,True,False,hash-indexed; bulky EventTrace files not duplicated into CORE
E2,NSW-Traffic,opportunity_only,30013,4a1e5e585a42dcb3112d5894d2b71e03c89af832fa5525d6d5fce215dfe3f15d,artifacts/e2_traffic_formal_runs_r1/eventtraces/30013/opportunity_only,,True,False,hash-indexed; bulky EventTrace files not duplicated into CORE
E2,NSW-Traffic,observation_only,30013,67f241078a77471e9ef95be6a1dd88807fab5ed3d512a424548912ea3ef3c5ef,artifacts/e2_traffic_formal_runs_r1/eventtraces/30013/observation_only,,True,False,hash-indexed; bulky EventTrace files not duplicated into CORE
E2,NSW-Traffic,usable_only,30013,ba1d84aebb4539f145ce0080605831b56f673c0c0b369d0d8ad6088f316f73de,artifacts/e2_traffic_formal_runs_r1/eventtraces/30013/usable_only,,True,False,hash-indexed; bulky EventTrace files not duplicated into CORE
E2,NSW-Traffic,complete_aligned,30013,895cebb79ae04fb321999a0407431675f95aa8c358661fe05bc4452908db30f5,artifacts/e2_traffic_formal_runs_r1/eventtraces/30013/complete_aligned,,True,False,hash-indexed; bulky EventTrace files not duplicated into CORE
E2,NSW-Traffic,complete_counteracting,30013,da45b7d2b5f4185fda8fd349bd5303bb3b7e98294cb827e4d6637ad5bbc41477,artifacts/e2_traffic_formal_runs_r1/eventtraces/30013/complete_counteracting,,True,False,hash-indexed; bulky EventTrace files not duplicated into CORE
E2,NSW-Traffic,balanced,30014,125ce793ee26192125ff93c640abf9be2750e9ece941f172d412ea8d63e7e44f,artifacts/e2_traffic_formal_runs_r1/eventtraces/30014/balanced,,True,False,hash-indexed; bulky EventTrace files not duplicated into CORE
E2,NSW-Traffic,opportunity_only,30014,b8aeb2fa596f0beb265b7883a0e32cb07a069b743ce46caddfb2ed7302ddf7d2,artifacts/e2_traffic_formal_runs_r1/eventtraces/30014/opportunity_only,,True,False,hash-indexed; bulky EventTrace files not duplicated into CORE
E2,NSW-Traffic,observation_only,30014,ab39acd8970534ad4e2d409eb91f15f5341484fd72708f61c2bc73bd2f389656,artifacts/e2_traffic_formal_runs_r1/eventtraces/30014/observation_only,,True,False,hash-indexed; bulky EventTrace files not duplicated into CORE
E2,NSW-Traffic,usable_only,30014,817e0453f54e50a71a94bf1bab60f4e20a0e28e87fb494f6e497607ed17b7fdf,artifacts/e2_traffic_formal_runs_r1/eventtraces/30014/usable_only,,True,False,hash-indexed; bulky EventTrace files not duplicated into CORE
E2,NSW-Traffic,complete_aligned,30014,fc1e78f215f70d376cc6811dcbf26fe5a549463d6b399acc2ddf2bd5779a2ae5,artifacts/e2_traffic_formal_runs_r1/eventtraces/30014/complete_aligned,,True,False,hash-indexed; bulky EventTrace files not duplicated into CORE
E2,NSW-Traffic,complete_counteracting,30014,fdd661a0f8f2ba503895e1243b7ac905fab036bf39223d6ec96f8f7482c1217a,artifacts/e2_traffic_formal_runs_r1/eventtraces/30014/complete_counteracting,,True,False,hash-indexed; bulky EventTrace files not duplicated into CORE
E2,NSW-Traffic,balanced,30015,3ec678f76f1c3c13a1cc0a184a927f9108306335ea0a22b7d65408ef216ea8d8,artifacts/e2_traffic_formal_runs_r1/eventtraces/30015/balanced,,True,False,hash-indexed; bulky EventTrace files not duplicated into CORE
E2,NSW-Traffic,opportunity_only,30015,f0b2df1eb7d28366f972e99022eca2f24c4159003f73384f5d69635725c74674,artifacts/e2_traffic_formal_runs_r1/eventtraces/30015/opportunity_only,,True,False,hash-indexed; bulky EventTrace files not duplicated into CORE
E2,NSW-Traffic,observation_only,30015,4722c0794442c21f826be82b4e5d5a7b9e2ceafe03a7a1b302380e0fe16633a5,artifacts/e2_traffic_formal_runs_r1/eventtraces/30015/observation_only,,True,False,hash-indexed; bulky EventTrace files not duplicated into CORE
E2,NSW-Traffic,usable_only,30015,de4d5ed1ff543b47c3b46a6e882f209d9654f6357f82781a0e354fd62accd277,artifacts/e2_traffic_formal_runs_r1/eventtraces/30015/usable_only,,True,False,hash-indexed; bulky EventTrace files not duplicated into CORE
E2,NSW-Traffic,complete_aligned,30015,f4f2c1e928dd5511beda6a17b3b7cf51204b6ce41d815166e8f3fa037260f96e,artifacts/e2_traffic_formal_runs_r1/eventtraces/30015/complete_aligned,,True,False,hash-indexed; bulky EventTrace files not duplicated into CORE
E2,NSW-Traffic,complete_counteracting,30015,003b37f5a7bf9a05f0a6760014add6cd6430c587bfec9c5bc9fe11fd4ac1ed59,artifacts/e2_traffic_formal_runs_r1/eventtraces/30015/complete_counteracting,,True,False,hash-indexed; bulky EventTrace files not duplicated into CORE
E2,NSW-Traffic,balanced,30016,2085dc4989d44218ecb4b9ee35ea2e9cfecf973aad7beee6c3097c79e1d03a5d,artifacts/e2_traffic_formal_runs_r1/eventtraces/30016/balanced,,True,False,hash-indexed; bulky EventTrace files not duplicated into CORE
E2,NSW-Traffic,opportunity_only,30016,9773aaf7eb916f95faea6c84ff90175b6fc2ba0daa1f08d228dffc71ebe1d07f,artifacts/e2_traffic_formal_runs_r1/eventtraces/30016/opportunity_only,,True,False,hash-indexed; bulky EventTrace files not duplicated into CORE
E2,NSW-Traffic,observation_only,30016,bc13b598dfd67fbafee9ca7d384cc50642f2a271bacfd53b1b20fe6a52113cc1,artifacts/e2_traffic_formal_runs_r1/eventtraces/30016/observation_only,,True,False,hash-indexed; bulky EventTrace files not duplicated into CORE
E2,NSW-Traffic,usable_only,30016,1549ee0a72e7a56096e6e43c4e304415701d3bd3f3396a959097a93cbbb2ed1d,artifacts/e2_traffic_formal_runs_r1/eventtraces/30016/usable_only,,True,False,hash-indexed; bulky EventTrace files not duplicated into CORE
E2,NSW-Traffic,complete_aligned,30016,38db2756f86416fa6106ddb1db78c7539361a7b046d1e8569b8704227457733b,artifacts/e2_traffic_formal_runs_r1/eventtraces/30016/complete_aligned,,True,False,hash-indexed; bulky EventTrace files not duplicated into CORE
E2,NSW-Traffic,complete_counteracting,30016,7411f553082b71212a6fcd8ae9fea5e090a98f4f4855bac4cb842181d5de6625,artifacts/e2_traffic_formal_runs_r1/eventtraces/30016/complete_counteracting,,True,False,hash-indexed; bulky EventTrace files not duplicated into CORE
E2,NSW-Traffic,balanced,30017,6fa782a28170607bded56cdadcd751810782b575a86d510de9e9f6dba38bcb29,artifacts/e2_traffic_formal_runs_r1/eventtraces/30017/balanced,,True,False,hash-indexed; bulky EventTrace files not duplicated into CORE
E2,NSW-Traffic,opportunity_only,30017,555d999c096874f1e71c46e0ce80287f93c18b21d6780ea922fe3b65e2ea7530,artifacts/e2_traffic_formal_runs_r1/eventtraces/30017/opportunity_only,,True,False,hash-indexed; bulky EventTrace files not duplicated into CORE
E2,NSW-Traffic,observation_only,30017,f91cdc75149c7bf54931a7d558a5292710ebc96b4dacdef91b63c16c65cf22fc,artifacts/e2_traffic_formal_runs_r1/eventtraces/30017/observation_only,,True,False,hash-indexed; bulky EventTrace files not duplicated into CORE
E2,NSW-Traffic,usable_only,30017,fd0f823229693e4c78c7b619334a5817b2e3e9d1deb2920caf9b645d6ea1d1cc,artifacts/e2_traffic_formal_runs_r1/eventtraces/30017/usable_only,,True,False,hash-indexed; bulky EventTrace files not duplicated into CORE
E2,NSW-Traffic,complete_aligned,30017,ddba001dac48a5ffd365627cf7fef9d6ee529b4c3ed11d89579415143a043a20,artifacts/e2_traffic_formal_runs_r1/eventtraces/30017/complete_aligned,,True,False,hash-indexed; bulky EventTrace files not duplicated into CORE
E2,NSW-Traffic,complete_counteracting,30017,137b173825f491244abdf8dbdd8c7b0b7a5a92ff464d3cecf3c6e5358c94cfe4,artifacts/e2_traffic_formal_runs_r1/eventtraces/30017/complete_counteracting,,True,False,hash-indexed; bulky EventTrace files not duplicated into CORE
E2,NSW-Traffic,balanced,30018,ec8d9a1702f949b8696e434a4a6bbb91715cfb5b3c1636d11dd0719f7b06524e,artifacts/e2_traffic_formal_runs_r1/eventtraces/30018/balanced,,True,False,hash-indexed; bulky EventTrace files not duplicated into CORE
E2,NSW-Traffic,opportunity_only,30018,3cb6e39042747bd6f49fec585363715f7c18be0550d655fa165390d5e0e2eacc,artifacts/e2_traffic_formal_runs_r1/eventtraces/30018/opportunity_only,,True,False,hash-indexed; bulky EventTrace files not duplicated into CORE
E2,NSW-Traffic,observation_only,30018,3ded2b70e8092110ce20980860ebd100a16bc13bac22de96e3a2b72861cafa43,artifacts/e2_traffic_formal_runs_r1/eventtraces/30018/observation_only,,True,False,hash-indexed; bulky EventTrace files not duplicated into CORE
E2,NSW-Traffic,usable_only,30018,3d9c922a9023ce551ad981256941aa20410f5465a57eb62a7e92c24cc0eba409,artifacts/e2_traffic_formal_runs_r1/eventtraces/30018/usable_only,,True,False,hash-indexed; bulky EventTrace files not duplicated into CORE
E2,NSW-Traffic,complete_aligned,30018,043b4a3f00e02541889047ad3bfc320da386ff081d0f7ee64df32fd7062a4626,artifacts/e2_traffic_formal_runs_r1/eventtraces/30018/complete_aligned,,True,False,hash-indexed; bulky EventTrace files not duplicated into CORE
E2,NSW-Traffic,complete_counteracting,30018,89bc8e80e79861ac53593df67fd472b75dbbf38819f8b89af54b092e4a8c28b7,artifacts/e2_traffic_formal_runs_r1/eventtraces/30018/complete_counteracting,,True,False,hash-indexed; bulky EventTrace files not duplicated into CORE
E2,NSW-Traffic,balanced,30019,c12878cc1d66423b7d4001a7d33131a7195f49fcd22c4d9202d5b87843ad3e2a,artifacts/e2_traffic_formal_runs_r1/eventtraces/30019/balanced,,True,False,hash-indexed; bulky EventTrace files not duplicated into CORE
E2,NSW-Traffic,opportunity_only,30019,03be2117d7d71bcc4f69289b5abc897fcf4c80018371559ff32f32c6c785893f,artifacts/e2_traffic_formal_runs_r1/eventtraces/30019/opportunity_only,,True,False,hash-indexed; bulky EventTrace files not duplicated into CORE
E2,NSW-Traffic,observation_only,30019,6c9cfda4e9c8cba81aaf9de3f96e82e13f6f9ab6b8c515b7e13d5b4d4ec55bfb,artifacts/e2_traffic_formal_runs_r1/eventtraces/30019/observation_only,,True,False,hash-indexed; bulky EventTrace files not duplicated into CORE
E2,NSW-Traffic,usable_only,30019,fe180915a08ccfe933dbdeeb33bb58f00fb77389ff140d635bebef6cd00feb5b,artifacts/e2_traffic_formal_runs_r1/eventtraces/30019/usable_only,,True,False,hash-indexed; bulky EventTrace files not duplicated into CORE
E2,NSW-Traffic,complete_aligned,30019,1d088069fa95a19cebf7db9daace31a6393e40413b264e3c63ff3c831541844b,artifacts/e2_traffic_formal_runs_r1/eventtraces/30019/complete_aligned,,True,False,hash-indexed; bulky EventTrace files not duplicated into CORE
E2,NSW-Traffic,complete_counteracting,30019,4218caeb2afc5574cbcb0f5ed96bdf9c3c5f2c5467b3d638d97cbfcfe89c783d,artifacts/e2_traffic_formal_runs_r1/eventtraces/30019/complete_counteracting,,True,False,hash-indexed; bulky EventTrace files not duplicated into CORE
E2,NSW-Traffic,balanced,30020,dc74ee2a9c17f7e97104ea58c19b2dc0a38a12c9ab6f4d3df3252b5c570cbccd,artifacts/e2_traffic_formal_runs_r1/eventtraces/30020/balanced,,True,False,hash-indexed; bulky EventTrace files not duplicated into CORE
E2,NSW-Traffic,opportunity_only,30020,1f8f5f8e6dd47a10901c65b3308248103a86492d8b68cbe914c0e0a86b2144e4,artifacts/e2_traffic_formal_runs_r1/eventtraces/30020/opportunity_only,,True,False,hash-indexed; bulky EventTrace files not duplicated into CORE
E2,NSW-Traffic,observation_only,30020,88575fda7ec09a0e990a465c58c98d40abe9bce1210f7bacebb743004bed450a,artifacts/e2_traffic_formal_runs_r1/eventtraces/30020/observation_only,,True,False,hash-indexed; bulky EventTrace files not duplicated into CORE
E2,NSW-Traffic,usable_only,30020,ec62fb1c002b58493848fb3869ea6d74e8fbb947b0d8cb024c76f46b0f70b348,artifacts/e2_traffic_formal_runs_r1/eventtraces/30020/usable_only,,True,False,hash-indexed; bulky EventTrace files not duplicated into CORE
E2,NSW-Traffic,complete_aligned,30020,d035656477ff2d999c8d7acdcb4addd8415b11048aa335fa57b477d5a7db9262,artifacts/e2_traffic_formal_runs_r1/eventtraces/30020/complete_aligned,,True,False,hash-indexed; bulky EventTrace files not duplicated into CORE
E2,NSW-Traffic,complete_counteracting,30020,4c71f0f8f59bd10edac0775c8e507cd6d171972ee49fc0bd0341bf93c25092cf,artifacts/e2_traffic_formal_runs_r1/eventtraces/30020/complete_counteracting,,True,False,hash-indexed; bulky EventTrace files not duplicated into CORE
